status,pdb_file,chain,uniprot_fasta,sites_spec,out_csv,pdb_seq_len,full_seq_len,alignment_score,n_sites_requested,n_sites_in_pdb,requested_full_pos,pdb_resseq_list
OK,D4P4Y7.pdb,A,fastas/D4P4Y7.fasta,"233,257",D4P4Y7_A_site_map.csv,357,494,269.5,2,2,"233,257","194,218"
OK,P06279.pdb,A,fastas/P06279.fasta,"268,298",P06279_A_site_map.csv,483,549,431.0,2,2,"268,298","268,298"
OK,B1VK33.pdb,A,fastas/B1VK33.fasta,"232,262",B1VK33_A_site_map.csv,398,489,333.5,2,2,"232,262","230,260"
OK,P04746.pdb,A,fastas/P04746.fasta,"212,248",P04746_A_site_map.csv,495,511,477.5,2,2,"212,248","212,248"
OK,P08144.pdb,A,fastas/P08144.fasta,"204,241",P08144_A_site_map.csv,476,494,457.5,2,2,"204,241","204,241"
OK,P00690.pdb,A,fastas/P00690.fasta,"212,248",P00690_A_site_map.csv,495,511,477.5,2,2,"212,248","212,248"
OK,P04063.pdb,A,fastas/P04063.fasta,"203,228",P04063_A_site_map.csv,404,427,383.0,2,2,"203,228","203,228"
OK,L8B068.pdb,A,fastas/L8B068.fasta,"411,440",L8B068_A_site_map.csv,603,663,535.0,2,2,"411,440","411,440"
OK,P29957.pdb,A,fastas/P29957.fasta,"198,224",P29957_A_site_map.csv,634,669,588.0,2,2,"198,224","198,224"
OK,P09107.pdb,A,fastas/P09107.fasta,"203,240",P09107_A_site_map.csv,473,489,455.5,2,2,"203,240","203,240"
OK,T1WE96.pdb,A,fastas/T1WE96.fasta,"210,234",T1WE96_A_site_map.csv,340,465,258.5,2,2,"210,234","178,202"
OK,A9YDD9.pdb,A,fastas/A9YDD9.fasta,"262,292",A9YDD9_A_site_map.csv,388,514,296.5,2,2,"262,292","229,259"
OK,A1YR25.pdb,A,fastas/A1YR25.fasta,"260,290",A1YR25_A_site_map.csv,386,512,294.5,2,2,"260,290","227,257"
OK,Q93I48.pdb,A,fastas/Q93I48.fasta,"252,282",Q93I48_A_site_map.csv,405,501,338.0,2,2,"252,282","227,257"
OK,Q08295.pdb,A,fastas/Q08295.fasta,"215,277",Q08295_A_site_map.csv,587,589,576.5,2,2,"215,277","215,277"
OK,T1WDH2.pdb,A,fastas/T1WDH2.fasta,"212,236",T1WDH2_A_site_map.csv,340,468,247.5,2,2,"212,236","179,203"
OK,P53051.pdb,A,fastas/P53051.fasta,"215,277",P53051_A_site_map.csv,585,589,573.5,2,2,"215,277","215,277"
OK,H2N0D4.pdb,A,fastas/H2N0D4.fasta,"212,248",H2N0D4_A_site_map.csv,498,512,481.5,2,2,"212,248","212,248"
OK,A0A1L6Z980.pdb,A,fastas/A0A1L6Z980.fasta,"227,251",A0A1L6Z980_A_site_map.csv,357,499,267.0,2,2,"227,251","194,218"
OK,I3P686.pdb,A,fastas/I3P686.fasta,"231,261",I3P686_A_site_map.csv,387,483,320.0,2,2,"231,261","227,257"
OK,A0A1P8L1E1.pdb,A,fastas/A0A1P8L1E1.fasta,"216,240",A0A1P8L1E1_A_site_map.csv,340,462,260.0,2,2,"216,240","178,202"
OK,O60476.pdb,A,fastas/O60476.fasta,508,O60476_A_site_map.csv,539,641,440.5,1,1,508,508
OK,O06901.pdb,A,fastas/O06901.fasta,"170,264",O06901_A_site_map.csv,433,441,410.0,2,2,"170,264","170,264"
OK,J9PXA2.pdb,A,fastas/J9PXA2.fasta,"268,298",J9PXA2_A_site_map.csv,406,549,306.0,2,2,"268,298","229,259"
OK,F7YUS1.pdb,A,fastas/F7YUS1.fasta,"288,367,395",F7YUS1_A_site_map.csv,306,681,61.0,3,2,"288,367,395","159,238"
OK,Q9AGA6.pdb,A,fastas/Q9AGA6.fasta,"170,263",Q9AGA6_A_site_map.csv,434,440,421.5,2,2,"170,263","170,263"
OK,P33665.pdb,A,fastas/P33665.fasta,"62,80",P33665_A_site_map.csv,236,278,196.0,2,2,"62,80","62,80"
OK,P40566.pdb,A,fastas/P40566.fasta,515,P40566_A_site_map.csv,678,764,578.0,1,1,515,515
OK,A0A1G8DI07.pdb,A,fastas/A0A1G8DI07.fasta,"232,262",A0A1G8DI07_A_site_map.csv,420,490,366.0,2,2,"232,262","230,260"
OK,A0A167KLN5.pdb,A,fastas/A0A167KLN5.fasta,138,A0A167KLN5_A_site_map.csv,385,408,345.0,1,1,138,138
OK,P0CW40.pdb,A,fastas/P0CW40.fasta,"215,277",P0CW40_A_site_map.csv,585,589,573.5,2,2,"215,277","215,277"
OK,P40884.pdb,A,fastas/P40884.fasta,"210,272",P40884_A_site_map.csv,576,581,564.0,2,2,"210,272","210,272"
OK,Q9NR34.pdb,A,fastas/Q9NR34.fasta,499,Q9NR34_A_site_map.csv,479,630,356.0,1,1,499,499
OK,Q8GU20.pdb,A,fastas/Q8GU20.fasta,"207,416",Q8GU20_A_site_map.csv,470,532,408.5,2,2,"207,416","207,416"
OK,B3PC73.pdb,A,fastas/B3PC73.fasta,"312,385,413",B3PC73_A_site_map.csv,708,732,686.5,3,3,"312,385,413","312,385,413"
OK,P19531.pdb,A,fastas/P19531.fasta,"261,289",P19531_A_site_map.csv,685,719,658.5,2,2,"261,289","261,289"
OK,Q9LFR0.pdb,A,fastas/Q9LFR0.fasta,276,Q9LFR0_A_site_map.csv,1031,1173,865.0,1,1,276,276
OK,Q64R94.pdb,A,fastas/Q64R94.fasta,87,Q64R94_A_site_map.csv,217,218,207.0,1,1,87,87
OK,Q9SPP9.pdb,A,fastas/Q9SPP9.fasta,"186,420",Q9SPP9_A_site_map.csv,471,540,398.5,2,2,"186,420","186,420"
OK,B3XZQ2.pdb,A,fastas/B3XZQ2.fasta,154,B3XZQ2_A_site_map.csv,248,301,193.0,1,1,154,154
OK,P11955.pdb,A,fastas/P11955.fasta,142,P11955_A_site_map.csv,284,318,248.0,1,1,142,142
OK,Q8KZM5.pdb,A,fastas/Q8KZM5.fasta,"51,69",Q8KZM5_A_site_map.csv,237,266,213.0,2,2,"51,69","51,69"
OK,Q9GV16.pdb,A,fastas/Q9GV16.fasta,239,Q9GV16_A_site_map.csv,468,503,431.5,1,1,239,239
OK,P86181.pdb,A,fastas/P86181.fasta,58,P86181_A_site_map.csv,176,200,135.5,1,1,58,58
OK,Q9FRV1.pdb,A,fastas/Q9FRV1.fasta,145,Q9FRV1_A_site_map.csv,285,321,248.0,1,1,145,145
OK,Q92223.pdb,A,fastas/Q92223.fasta,175,Q92223_A_site_map.csv,310,961,-34.5,1,1,175,148
OK,Q9AXR9.pdb,A,fastas/Q9AXR9.fasta,142,Q9AXR9_A_site_map.csv,284,318,248.0,1,1,142,142
OK,Q8W427.pdb,A,fastas/Q8W427.fasta,143,Q8W427_A_site_map.csv,285,319,249.0,1,1,143,143
OK,J7G4R4.pdb,A,fastas/J7G4R4.fasta,157,J7G4R4_A_site_map.csv,379,410,354.0,1,1,157,157
OK,B1B6T0.pdb,A,fastas/B1B6T0.fasta,143,B1B6T0_A_site_map.csv,286,319,250.5,1,1,143,143
OK,Q8X211.pdb,A,fastas/Q8X211.fasta,"298,376,404",Q8X211_A_site_map.csv,268,837,-99.0,3,3,"298,376,404","152,230,258"
OK,Q42839.pdb,A,fastas/Q42839.fasta,146,Q42839_A_site_map.csv,279,332,214.5,1,1,146,146
OK,Q9BZP6.pdb,A,fastas/Q9BZP6.fasta,140,Q9BZP6_A_site_map.csv,369,476,296.5,1,1,140,119
OK,P29030.pdb,A,fastas/P29030.fasta,148,P29030_A_site_map.csv,369,504,282.5,1,1,148,126
OK,Q8W428.pdb,A,fastas/Q8W428.fasta,141,Q8W428_A_site_map.csv,282,323,233.0,1,1,141,141
OK,Q41539.pdb,A,fastas/Q41539.fasta,144,Q41539_A_site_map.csv,285,320,248.5,1,1,144,144
OK,Q546P8.pdb,A,fastas/Q546P8.fasta,130,Q546P8_A_site_map.csv,278,314,222.0,1,1,130,130
OK,B3VFX0.pdb,A,fastas/B3VFX0.fasta,147,B3VFX0_A_site_map.csv,281,326,230.0,1,1,147,147
OK,P29029.pdb,A,fastas/P29029.fasta,157,P29029_A_site_map.csv,285,562,127.5,1,1,157,131
OK,Q24451.pdb,A,fastas/Q24451.fasta,267,Q24451_A_site_map.csv,1062,1108,989.0,1,1,267,267
OK,Q6T484.pdb,A,fastas/Q6T484.fasta,143,Q6T484_A_site_map.csv,286,319,250.5,1,1,143,143
OK,P29022.pdb,A,fastas/P29022.fasta,144,P29022_A_site_map.csv,234,280,180.5,1,1,144,144
OK,I1TIJ2.pdb,A,fastas/I1TIJ2.fasta,419,I1TIJ2_A_site_map.csv,484,510,452.0,1,1,419,419
OK,Q9C5C2.pdb,A,fastas/Q9C5C2.fasta,430,Q9C5C2_A_site_map.csv,507,547,458.5,1,1,430,430
OK,V9PVN6.pdb,A,fastas/V9PVN6.fasta,428,V9PVN6_A_site_map.csv,499,546,456.5,1,1,428,428
OK,P27046.pdb,A,fastas/P27046.fasta,288,P27046_A_site_map.csv,1053,1150,905.5,1,1,288,288
OK,Q7XAU6.pdb,A,fastas/Q7XAU6.fasta,127,Q7XAU6_A_site_map.csv,235,264,201.5,1,1,127,127
OK,Q9XEN6.pdb,A,fastas/Q9XEN6.fasta,135,Q9XEN6_A_site_map.csv,239,272,203.5,1,1,135,135
OK,G0XZD8.pdb,A,fastas/G0XZD8.fasta,241,G0XZD8_A_site_map.csv,342,379,314.0,1,1,241,241
OK,A0A1B1MQM8.pdb,A,fastas/A0A1B1MQM8.fasta,238,A0A1B1MQM8_A_site_map.csv,343,379,315.5,1,1,238,238
OK,P95867.pdb,A,fastas/P95867.fasta,"255,286",P95867_A_site_map.csv,558,561,547.0,2,2,"255,286","255,286"
OK,A0A067XSJ2.pdb,A,fastas/A0A067XSJ2.fasta,"102,106",A0A067XSJ2_A_site_map.csv,192,287,125.5,2,2,"102,106","81,85"
OK,F5B9B9.pdb,A,fastas/F5B9B9.fasta,222,F5B9B9_A_site_map.csv,337,361,315.5,1,1,222,222
OK,Q3ECS3.pdb,A,fastas/Q3ECS3.fasta,418,Q3ECS3_A_site_map.csv,484,511,451.5,1,1,418,418
OK,Q53641.pdb,A,fastas/Q53641.fasta,"253,284",Q53641_A_site_map.csv,377,556,268.5,2,2,"253,284","147,178"
OK,P47180.pdb,A,fastas/P47180.fasta,"200,222",P47180_A_site_map.csv,337,361,315.5,2,2,"200,222","200,222"
OK,P37702.pdb,A,fastas/P37702.fasta,420,P37702_A_site_map.csv,493,541,450.0,1,1,420,420
OK,Q6TA03.pdb,A,fastas/Q6TA03.fasta,223,Q6TA03_A_site_map.csv,337,362,315.0,1,1,223,223
OK,Q42629.pdb,A,fastas/Q42629.fasta,425,Q42629_A_site_map.csv,492,544,437.5,1,1,425,425
OK,Q9P4W2.pdb,A,fastas/Q9P4W2.fasta,"337,359",Q9P4W2_A_site_map.csv,392,495,302.5,2,2,"337,359","337,359"
OK,Q55088.pdb,A,fastas/Q55088.fasta,"253,284",Q55088_A_site_map.csv,557,559,546.5,2,2,"253,284","253,284"
OK,S5MK25.pdb,A,fastas/S5MK25.fasta,221,S5MK25_A_site_map.csv,337,360,316.0,1,1,221,221
OK,Q9STD7.pdb,A,fastas/Q9STD7.fasta,409,Q9STD7_A_site_map.csv,467,527,389.5,1,1,409,409
OK,A1A048.pdb,A,fastas/A1A048.fasta,"66,259",A1A048_A_site_map.csv,367,379,351.5,2,2,"66,259","66,259"
OK,Q9KB30.pdb,A,fastas/Q9KB30.fasta,"70,263",Q9KB30_A_site_map.csv,379,388,355.5,2,2,"70,263","70,263"
OK,A0A0B4UL66.pdb,A,fastas/A0A0B4UL66.fasta,229,A0A0B4UL66_A_site_map.csv,337,370,301.5,1,1,229,229
OK,A0A2R4K332.pdb,A,fastas/A0A2R4K332.fasta,236,A0A2R4K332_A_site_map.csv,347,377,303.5,1,1,236,236
OK,A0A0S2UQQ5.pdb,A,fastas/A0A0S2UQQ5.fasta,"70,265",A0A0S2UQQ5_A_site_map.csv,376,380,364.5,2,2,"70,265","70,265"
OK,P79074.pdb,A,fastas/P79074.fasta,219,P79074_A_site_map.csv,335,403,282.0,1,1,219,219
OK,Q7YT16.pdb,A,fastas/Q7YT16.fasta,"51,69",Q7YT16_A_site_map.csv,122,141,103.0,2,2,"51,69","32,50"
OK,A1BPG9.pdb,A,fastas/A1BPG9.fasta,"35,44",A1BPG9_A_site_map.csv,169,178,145.5,2,2,"35,44","35,44"
OK,O59925.pdb,A,fastas/O59925.fasta,"218,240",O59925_A_site_map.csv,343,378,316.0,2,2,"218,240","218,240"
OK,A0A221LFZ6.pdb,A,fastas/A0A221LFZ6.fasta,237,A0A221LFZ6_A_site_map.csv,349,377,325.5,1,1,237,237
OK,G5DAC9.pdb,A,fastas/G5DAC9.fasta,"108,112",G5DAC9_A_site_map.csv,200,289,126.5,2,2,"108,112","89,93"
OK,A6PZ97.pdb,A,fastas/A6PZ97.fasta,"88,101",A6PZ97_A_site_map.csv,107,200,41.5,2,2,"88,101","23,36"
OK,Q86SG7.pdb,A,fastas/Q86SG7.fasta,105,Q86SG7_A_site_map.csv,178,212,151.5,1,1,105,105
OK,P00698.pdb,A,fastas/P00698.fasta,"53,70",P00698_A_site_map.csv,129,147,110.5,2,2,"53,70","35,52"
OK,Q5H7P5.pdb,A,fastas/Q5H7P5.fasta,"461,553",Q5H7P5_A_site_map.csv,881,953,788.0,2,2,"461,553","461,553"
OK,Q7LZQ2.pdb,A,fastas/Q7LZQ2.fasta,"35,52",Q7LZQ2_A_site_map.csv,129,129,129.0,2,2,"35,52","35,52"
OK,P80189.pdb,A,fastas/P80189.fasta,"53,71",P80189_A_site_map.csv,130,148,111.5,2,2,"53,71","35,53"
OK,U5KC58.pdb,A,fastas/U5KC58.fasta,"30,41",U5KC58_A_site_map.csv,113,131,85.0,2,2,"30,41","30,41"
OK,Q7Z9M8.pdb,A,fastas/Q7Z9M8.fasta,"53,469",Q7Z9M8_A_site_map.csv,756,838,686.5,2,2,"53,469","53,469"
OK,G5DAC8.pdb,A,fastas/G5DAC8.fasta,"109,113",G5DAC8_A_site_map.csv,192,293,111.0,2,2,"109,113","87,91"
OK,P87160.pdb,A,fastas/P87160.fasta,216,P87160_A_site_map.csv,424,446,384.5,1,1,216,216
OK,Q00001.pdb,A,fastas/Q00001.fasta,"215,290",Q00001_A_site_map.csv,421,440,402.0,2,2,"215,290","215,290"
OK,O31521.pdb,A,fastas/O31521.fasta,135,O31521_A_site_map.csv,337,344,314.5,1,1,135,135
OK,Q75W17.pdb,A,fastas/Q75W17.fasta,"238,447",Q75W17_A_site_map.csv,481,538,433.5,2,2,"238,447","238,447"
OK,Q9SE50.pdb,A,fastas/Q9SE50.fasta,"207,422",Q9SE50_A_site_map.csv,475,528,420.0,2,2,"207,422","207,422"
OK,P80190.pdb,A,fastas/P80190.fasta,"35,53",P80190_A_site_map.csv,130,130,130.0,2,2,"35,53","35,53"
OK,R4UMR3.pdb,A,fastas/R4UMR3.fasta,"73,86",R4UMR3_A_site_map.csv,110,185,53.5,2,2,"73,86","22,35"
OK,Q89ZI2.pdb,A,fastas/Q89ZI2.fasta,264,Q89ZI2_A_site_map.csv,266,737,2.0,1,1,264,116
OK,Q70DK5.pdb,A,fastas/Q70DK5.fasta,"70,480",Q70DK5_A_site_map.csv,799,842,758.5,2,2,"70,480","70,480"
OK,Q9P8P3.pdb,A,fastas/Q9P8P3.fasta,"225,230",Q9P8P3_A_site_map.csv,463,505,423.0,2,2,"225,230","225,230"
OK,A3DH67.pdb,A,fastas/A3DH67.fasta,"87,255",A3DH67_A_site_map.csv,709,741,664.5,2,2,"87,255","87,255"
OK,P13860.pdb,A,fastas/P13860.fasta,"225,230",P13860_A_site_map.csv,466,516,422.0,2,2,"225,230","225,230"
OK,D7GXG0.pdb,A,fastas/D7GXG0.fasta,"139,144",D7GXG0_A_site_map.csv,250,510,91.5,2,2,"139,144","122,127"
OK,C6XY24.pdb,A,fastas/C6XY24.fasta,"123,182",C6XY24_A_site_map.csv,370,403,334.5,2,2,"123,182","123,182"
OK,P87161.pdb,A,fastas/P87161.fasta,"219,294",P87161_A_site_map.csv,425,558,330.0,2,2,"219,294","219,294"
OK,O34559.pdb,A,fastas/O34559.fasta,143,O34559_A_site_map.csv,364,373,340.5,1,1,143,143
OK,Q75W54.pdb,A,fastas/Q75W54.fasta,"464,549",Q75W54_A_site_map.csv,901,944,851.0,2,2,"464,549","464,549"
OK,Q8KKF7.pdb,A,fastas/Q8KKF7.fasta,"94,273",Q8KKF7_A_site_map.csv,1016,1091,893.0,2,2,"94,273","94,273"
OK,Q9UQ49.pdb,A,fastas/Q9UQ49.fasta,"50,370,387",Q9UQ49_A_site_map.csv,360,428,288.0,3,3,"50,370,387","50,370,387"
OK,Q76HN4.pdb,A,fastas/Q76HN4.fasta,"179,347",Q76HN4_A_site_map.csv,785,786,775.0,2,2,"179,347","179,347"
OK,O33830.pdb,A,fastas/O33830.fasta,"175,260",O33830_A_site_map.csv,478,480,467.5,2,2,"175,260","175,260"
OK,C6Y0D8.pdb,A,fastas/C6Y0D8.fasta,"110,175",C6Y0D8_A_site_map.csv,371,392,351.0,2,2,"110,175","110,175"
OK,C6Y1N7.pdb,A,fastas/C6Y1N7.fasta,"116,174",C6Y1N7_A_site_map.csv,370,402,335.0,2,2,"116,174","116,174"
OK,D7GXF9.pdb,A,fastas/D7GXF9.fasta,"156,161",D7GXF9_A_site_map.csv,254,293,215.5,2,2,"156,161","119,124"
OK,E8MGH8.pdb,A,fastas/E8MGH8.fasta,"322,417",E8MGH8_A_site_map.csv,654,658,631.0,2,2,"322,417","322,417"
OK,Q9FYS3.pdb,A,fastas/Q9FYS3.fasta,"240,456",Q9FYS3_A_site_map.csv,488,568,429.0,2,2,"240,456","240,456"
OK,Q9P999.pdb,A,fastas/Q9P999.fasta,"353,356,428",Q9P999_A_site_map.csv,708,731,666.0,3,3,"353,356,428","353,356,428"
OK,Q56F26.pdb,A,fastas/Q56F26.fasta,"469,541",Q56F26_A_site_map.csv,914,1032,794.0,2,2,"469,541","469,541"
OK,P31434.pdb,A,fastas/P31434.fasta,"416,419,482",P31434_A_site_map.csv,771,772,761.0,3,3,"416,419,482","416,419,482"
OK,Q42707.pdb,A,fastas/Q42707.fasta,"260,472",Q42707_A_site_map.csv,470,562,405.0,2,2,"260,472","260,472"
OK,Q1XH05.pdb,A,fastas/Q1XH05.fasta,"240,456",Q1XH05_A_site_map.csv,487,569,427.0,2,2,"240,456","240,456"
OK,P0CD66.pdb,A,fastas/P0CD66.fasta,"320,323,416",P0CD66_A_site_map.csv,691,693,680.5,3,3,"320,323,416","320,323,416"
OK,Q9FQ07.pdb,A,fastas/Q9FQ07.fasta,"188,382",Q9FQ07_A_site_map.csv,492,498,458.5,2,2,"188,382","188,382"
OK,P10537.pdb,A,fastas/P10537.fasta,"188,383",P10537_A_site_map.csv,493,499,461.5,2,2,"188,383","188,383"
OK,Q9RM92.pdb,A,fastas/Q9RM92.fasta,"202,397",Q9RM92_A_site_map.csv,512,545,486.0,2,2,"202,397","202,397"
OK,P06547.pdb,A,fastas/P06547.fasta,"199,395",P06547_A_site_map.csv,513,575,444.0,2,2,"199,395","199,395"
OK,Q9F234.pdb,A,fastas/Q9F234.fasta,"407,410,484",Q9F234_A_site_map.csv,765,787,735.0,3,3,"407,410,484","407,410,484"
OK,P10538.pdb,A,fastas/P10538.fasta,"187,381",P10538_A_site_map.csv,489,496,466.5,2,2,"187,381","187,381"
OK,P56526.pdb,A,fastas/P56526.fasta,"490,493,660",P56526_A_site_map.csv,942,985,892.0,3,3,"490,493,660","490,493,660"
OK,Q43763.pdb,A,fastas/Q43763.fasta,"437,440,534",Q43763_A_site_map.csv,792,877,673.5,3,3,"437,440,534","437,440,534"
OK,K5BDL0.pdb,A,fastas/K5BDL0.fasta,"182,419",K5BDL0_A_site_map.csv,443,446,432.0,2,2,"182,419","182,419"
OK,D2PPM8.pdb,A,fastas/D2PPM8.fasta,"175,178,335",D2PPM8_A_site_map.csv,373,385,348.0,3,3,"175,178,335","175,178,335"
OK,Q9SLA0.pdb,A,fastas/Q9SLA0.fasta,"199,396",Q9SLA0_A_site_map.csv,460,489,426.5,2,2,"199,396","199,396"
OK,Q8L7J2.pdb,A,fastas/Q8L7J2.fasta,"211,427",Q8L7J2_A_site_map.csv,477,521,436.0,2,2,"211,427","211,427"
OK,Q9US55.pdb,A,fastas/Q9US55.fasta,"524,527,600",Q9US55_A_site_map.csv,892,923,844.0,3,3,"524,527,600","524,527,600"
OK,Q8T0W7.pdb,A,fastas/Q8T0W7.fasta,402,Q8T0W7_A_site_map.csv,474,498,452.5,1,1,402,402
OK,Q86D78.pdb,A,fastas/Q86D78.fasta,397,Q86D78_A_site_map.csv,464,491,431.5,1,1,397,397
OK,D8QTR2.pdb,A,fastas/D8QTR2.fasta,"229,459",D8QTR2_A_site_map.csv,422,488,370.0,2,2,"229,459","229,459"
OK,Q9C525.pdb,A,fastas/Q9C525.fasta,"204,418",Q9C525_A_site_map.csv,491,524,455.5,2,2,"204,418","204,418"
OK,Q08IT7.pdb,A,fastas/Q08IT7.fasta,420,Q08IT7_A_site_map.csv,475,514,436.5,1,1,420,420
OK,Q25BW5.pdb,A,fastas/Q25BW5.fasta,"170,365",Q25BW5_A_site_map.csv,461,462,451.0,2,2,"170,365","170,365"
OK,Q72K04.pdb,A,fastas/Q72K04.fasta,"160,388",Q72K04_A_site_map.csv,409,415,377.5,2,2,"160,388","160,388"
OK,Q2WGB4.pdb,A,fastas/Q2WGB4.fasta,"166,352",Q2WGB4_A_site_map.csv,446,448,435.5,2,2,"166,352","166,352"
OK,Q6QGY5.pdb,A,fastas/Q6QGY5.fasta,362,Q6QGY5_A_site_map.csv,458,468,424.5,1,1,362,362
OK,A1C3J9.pdb,A,fastas/A1C3J9.fasta,370,A1C3J9_A_site_map.csv,458,465,445.0,1,1,370,370
OK,Q9C0Y4.pdb,A,fastas/Q9C0Y4.fasta,"481,484,647",Q9C0Y4_A_site_map.csv,896,969,812.0,3,3,"481,484,647","481,484,647"
OK,S5U834.pdb,A,fastas/S5U834.fasta,"164,354",S5U834_A_site_map.csv,443,448,421.5,2,2,"164,354","164,354"
OK,P49235.pdb,A,fastas/P49235.fasta,"245,460",P49235_A_site_map.csv,491,566,434.5,2,2,"245,460","245,460"
OK,B9K7M5.pdb,A,fastas/B9K7M5.fasta,"164,349",B9K7M5_A_site_map.csv,444,444,444.0,2,2,"164,349","164,349"
OK,E7FHY4.pdb,A,fastas/E7FHY4.fasta,372,E7FHY4_A_site_map.csv,471,472,461.0,1,1,372,372
OK,A5FBJ5.pdb,A,fastas/A5FBJ5.fasta,"472,616",A5FBJ5_A_site_map.csv,659,681,638.5,2,2,"472,616","459,603"
OK,Q25BW4.pdb,A,fastas/Q25BW4.fasta,"175,380",Q25BW4_A_site_map.csv,470,540,416.0,2,2,"175,380","175,380"
OK,Q97U94.pdb,A,fastas/Q97U94.fasta,"367,425",Q97U94_A_site_map.csv,648,648,648.0,2,2,"367,425","367,425"
OK,Q9C8Y9.pdb,A,fastas/Q9C8Y9.fasta,"204,418",Q9C8Y9_A_site_map.csv,486,524,448.0,2,2,"204,418","204,418"
OK,I6TNE2.pdb,A,fastas/I6TNE2.fasta,329,I6TNE2_A_site_map.csv,408,415,374.0,1,1,329,329
OK,A4XIG7.pdb,A,fastas/A4XIG7.fasta,"163,361",A4XIG7_A_site_map.csv,453,453,453.0,2,2,"163,361","163,361"
OK,H8Y263.pdb,A,fastas/H8Y263.fasta,"491,560",H8Y263_A_site_map.csv,702,751,620.5,2,2,"491,560","491,560"
OK,G1UB44.pdb,A,fastas/G1UB44.fasta,"482,552",G1UB44_A_site_map.csv,729,732,718.0,2,2,"482,552","482,552"
OK,Q9MAJ7.pdb,A,fastas/Q9MAJ7.fasta,"187,256",Q9MAJ7_A_site_map.csv,692,732,624.5,2,2,"187,256","187,256"
OK,Q9SR37.pdb,A,fastas/Q9SR37.fasta,"203,418",Q9SR37_A_site_map.csv,491,524,455.5,2,2,"203,418","203,418"
OK,Q9LFA6.pdb,A,fastas/Q9LFA6.fasta,"185,254",Q9LFA6_A_site_map.csv,702,727,666.5,2,2,"185,254","185,254"
OK,C6FJG8.pdb,A,fastas/C6FJG8.fasta,"503,565",C6FJG8_A_site_map.csv,716,744,683.0,2,2,"503,565","503,565"
OK,C7ASJ5.pdb,A,fastas/C7ASJ5.fasta,"183,341",C7ASJ5_A_site_map.csv,662,694,636.5,2,2,"183,341","183,341"
OK,Q9FXT4.pdb,A,fastas/Q9FXT4.fasta,"185,240",Q9FXT4_A_site_map.csv,364,417,328.0,2,2,"185,240","185,240"
OK,P04824.pdb,A,fastas/P04824.fasta,"149,209",P04824_A_site_map.csv,452,471,423.5,2,2,"149,209","149,209"
OK,D9IU57.pdb,A,fastas/D9IU57.fasta,"172,330",D9IU57_A_site_map.csv,372,683,197.5,2,2,"172,330","137,295"
OK,P00723.pdb,A,fastas/P00723.fasta,"482,551",P00723_A_site_map.csv,1022,1025,1001.5,2,2,"482,551","482,551"
OK,M4GRS1.pdb,A,fastas/M4GRS1.fasta,"477,547",M4GRS1_A_site_map.csv,713,738,681.5,2,2,"477,547","477,547"
OK,O33833.pdb,A,fastas/O33833.fasta,17,O33833_A_site_map.csv,432,432,432.0,1,1,17,17
OK,Q6IYF5.pdb,A,fastas/Q6IYF5.fasta,"478,548",Q6IYF5_A_site_map.csv,641,740,526.5,2,2,"478,548","478,548"
OK,O09159.pdb,A,fastas/O09159.fasta,196,O09159_A_site_map.csv,930,1013,841.0,1,1,196,196
OK,Q0R5R5.pdb,A,fastas/Q0R5R5.fasta,"157,313",Q0R5R5_A_site_map.csv,373,688,196.5,2,2,"157,313","139,295"
OK,Q9KI47.pdb,A,fastas/Q9KI47.fasta,"151,309",Q9KI47_A_site_map.csv,677,677,677.0,2,2,"151,309","151,309"
OK,Q1G9Z4.pdb,A,fastas/Q1G9Z4.fasta,"465,532",Q1G9Z4_A_site_map.csv,994,1008,958.5,2,2,"465,532","465,532"
OK,Q2UCU3.pdb,A,fastas/Q2UCU3.fasta,"200,298",Q2UCU3_A_site_map.csv,954,1005,909.5,2,2,"200,298","200,298"
OK,P22498.pdb,A,fastas/P22498.fasta,"206,387",P22498_A_site_map.csv,489,489,489.0,2,2,"206,387","206,387"
OK,P81650.pdb,A,fastas/P81650.fasta,"460,536",P81650_A_site_map.csv,1024,1039,978.5,2,2,"460,536","460,536"
OK,O58237.pdb,A,fastas/O58237.fasta,398,O58237_A_site_map.csv,482,483,472.0,1,1,398,398
OK,Q10RB4.pdb,A,fastas/Q10RB4.fasta,"183,252",Q10RB4_A_site_map.csv,790,841,707.5,2,2,"183,252","183,252"
OK,O52629.pdb,A,fastas/O52629.fasta,"210,414",O52629_A_site_map.csv,509,510,499.0,2,2,"210,414","210,414"
OK,P24133.pdb,A,fastas/P24133.fasta,50,P24133_A_site_map.csv,493,533,454.0,1,1,50,50
OK,C7SEV1.pdb,A,fastas/C7SEV1.fasta,"467,533",C7SEV1_A_site_map.csv,701,724,642.0,2,2,"467,533","467,533"
OK,Q09HN2.pdb,A,fastas/Q09HN2.fasta,"151,308",Q09HN2_A_site_map.csv,676,676,676.0,2,2,"151,308","151,308"
OK,O00754.pdb,A,fastas/O00754.fasta,196,O00754_A_site_map.csv,921,1011,809.5,1,1,196,196
OK,E7FHC0.pdb,A,fastas/E7FHC0.fasta,414,E7FHC0_A_site_map.csv,509,510,499.0,1,1,414,414
OK,P08017.pdb,A,fastas/P08017.fasta,"234,237",P08017_A_site_map.csv,493,519,470.5,2,2,"234,237","234,237"
OK,Q58HN1.pdb,A,fastas/Q58HN1.fasta,"208,211",Q58HN1_A_site_map.csv,563,617,482.5,2,2,"208,211","208,211"
OK,P32359.pdb,A,fastas/P32359.fasta,"318,516",P32359_A_site_map.csv,535,555,515.5,2,2,"318,516","318,516"
OK,O42783.pdb,A,fastas/O42783.fasta,"460,665",O42783_A_site_map.csv,688,744,635.0,2,2,"460,665","460,665"
OK,H1AAU7.pdb,A,fastas/H1AAU7.fasta,"197,200",H1AAU7_A_site_map.csv,547,576,504.0,2,2,"197,200","197,200"
OK,A0A1D8DGR2.pdb,A,fastas/A0A1D8DGR2.fasta,"203,206",A0A1D8DGR2_A_site_map.csv,577,635,529.0,2,2,"203,206","203,206"
OK,P32356.pdb,A,fastas/P32356.fasta,"478,674",P32356_A_site_map.csv,670,751,610.5,2,2,"478,674","478,674"
OK,A0A1S1YTI6.pdb,A,fastas/A0A1S1YTI6.fasta,"170,260",A0A1S1YTI6_A_site_map.csv,273,365,198.5,2,2,"170,260","143,233"
OK,D5MP61.pdb,A,fastas/D5MP61.fasta,"138,234",D5MP61_A_site_map.csv,267,576,84.0,2,2,"138,234","116,212"
OK,P05804.pdb,A,fastas/P05804.fasta,"413,504",P05804_A_site_map.csv,591,603,556.5,2,2,"413,504","413,504"
OK,P29000.pdb,A,fastas/P29000.fasta,118,P29000_A_site_map.csv,556,636,487.5,1,1,118,118
OK,P40912.pdb,A,fastas/P40912.fasta,42,P40912_A_site_map.csv,518,550,473.5,1,1,42,42
OK,B9K760.pdb,A,fastas/B9K760.fasta,"126,238",B9K760_A_site_map.csv,279,346,226.5,2,2,"126,238","126,238"
OK,B9LW38.pdb,A,fastas/B9LW38.fasta,"142,312",B9LW38_A_site_map.csv,654,700,562.5,2,2,"142,312","142,312"
OK,Q08169.pdb,A,fastas/Q08169.fasta,145,Q08169_A_site_map.csv,325,382,277.5,1,1,145,145
OK,A0A2H4Z8F4.pdb,A,fastas/A0A2H4Z8F4.fasta,135,A0A2H4Z8F4_A_site_map.csv,416,449,371.0,1,1,135,135
OK,Q0H9W2.pdb,A,fastas/Q0H9W2.fasta,"207,210",Q0H9W2_A_site_map.csv,357,599,127.0,2,2,"207,210","166,169"
OK,Q9C1V4.pdb,A,fastas/Q9C1V4.fasta,"204,207",Q9C1V4_A_site_map.csv,570,618,517.5,2,2,"204,207","204,207"
OK,Q9FLG1.pdb,A,fastas/Q9FLG1.fasta,308,Q9FLG1_A_site_map.csv,738,784,696.0,1,1,308,308
OK,G2QPS0.pdb,A,fastas/G2QPS0.fasta,"204,207",G2QPS0_A_site_map.csv,578,628,496.0,2,2,"204,207","204,207"
OK,Q9FGY1.pdb,A,fastas/Q9FGY1.fasta,296,Q9FGY1_A_site_map.csv,721,774,647.0,1,1,296,296
OK,P69327.pdb,A,fastas/P69327.fasta,"200,203",P69327_A_site_map.csv,576,640,515.5,2,2,"200,203","200,203"
OK,A0A1L5IUR2.pdb,A,fastas/A0A1L5IUR2.fasta,"204,207",A0A1L5IUR2_A_site_map.csv,552,616,459.0,2,2,"204,207","204,207"
OK,Q5AAU5.pdb,A,fastas/Q5AAU5.fasta,607,Q5AAU5_A_site_map.csv,1016,1078,935.5,1,1,607,607
OK,O00089.pdb,A,fastas/O00089.fasta,315,O00089_A_site_map.csv,769,804,711.5,1,1,315,315
OK,A0A024SN40.pdb,A,fastas/A0A024SN40.fasta,"209,212",A0A024SN40_A_site_map.csv,599,632,573.0,2,2,"209,212","209,212"
OK,P86100.pdb,A,fastas/P86100.fasta,130,P86100_A_site_map.csv,382,410,358.5,1,1,130,130
OK,E5RWZ0.pdb,A,fastas/E5RWZ0.fasta,141,E5RWZ0_A_site_map.csv,420,491,365.5,1,1,141,141
OK,E2GDF4.pdb,A,fastas/E2GDF4.fasta,"212,215",E2GDF4_A_site_map.csv,573,626,525.5,2,2,"212,215","212,215"
OK,O43820.pdb,A,fastas/O43820.fasta,129,O43820_A_site_map.csv,381,417,334.5,1,1,129,129
OK,A7PQW3.pdb,A,fastas/A7PQW3.fasta,"123,268",A7PQW3_A_site_map.csv,316,344,292.5,2,2,"123,268","123,268"
OK,A0A1W6AKT2.pdb,A,fastas/A0A1W6AKT2.fasta,"105,109",A0A1W6AKT2_A_site_map.csv,212,214,201.5,2,2,"105,109","105,109"
OK,P38567.pdb,A,fastas/P38567.fasta,148,P38567_A_site_map.csv,436,509,378.5,1,1,148,148
OK,A0A399G7U0.pdb,A,fastas/A0A399G7U0.fasta,"31,203",A0A399G7U0_A_site_map.csv,537,550,521.0,2,2,"31,203","31,203"
OK,A0A024A6V9.pdb,A,fastas/A0A024A6V9.fasta,"13,185",A0A024A6V9_A_site_map.csv,533,533,533.0,2,2,"13,185","13,185"
OK,A0A0A1C3U6.pdb,A,fastas/A0A0A1C3U6.fasta,"137,233",A0A0A1C3U6_A_site_map.csv,261,582,72.0,2,2,"137,233","122,218"
OK,Q25C15.pdb,A,fastas/Q25C15.fasta,160,Q25C15_A_site_map.csv,381,414,355.0,1,1,160,160
OK,Q7SFB0.pdb,A,fastas/Q7SFB0.fasta,"194,312",Q7SFB0_A_site_map.csv,500,559,421.0,2,2,"194,312","194,312"
OK,Q9RGE6.pdb,A,fastas/Q9RGE6.fasta,387,Q9RGE6_A_site_map.csv,479,522,410.0,1,1,387,387
OK,B5BNY1.pdb,A,fastas/B5BNY1.fasta,31,B5BNY1_A_site_map.csv,246,316,182.5,1,1,31,31
OK,W8QRE4.pdb,A,fastas/W8QRE4.fasta,"188,292",W8QRE4_A_site_map.csv,471,476,449.5,2,2,"188,292","188,292"
OK,V5J3M5.pdb,A,fastas/V5J3M5.fasta,"14,186",V5J3M5_A_site_map.csv,533,536,512.5,2,2,"14,186","14,186"
OK,A7UGD9.pdb,A,fastas/A7UGD9.fasta,145,A7UGD9_A_site_map.csv,250,340,167.0,1,1,145,145
OK,Q09LX0.pdb,A,fastas/Q09LX0.fasta,"15,187",Q09LX0_A_site_map.csv,535,535,535.0,2,2,"15,187","15,187"
OK,Q2I2N4.pdb,A,fastas/Q2I2N4.fasta,"14,177",Q2I2N4_A_site_map.csv,505,511,483.0,2,2,"14,177","14,177"
OK,C1IE32.pdb,A,fastas/C1IE32.fasta,"137,142",C1IE32_A_site_map.csv,248,270,218.0,2,2,"137,142","116,121"
OK,Q4AEG8.pdb,A,fastas/Q4AEG8.fasta,315,Q4AEG8_A_site_map.csv,772,804,718.0,1,1,315,315
OK,Q1K5M0.pdb,A,fastas/Q1K5M0.fasta,33,Q1K5M0_A_site_map.csv,215,293,157.0,1,1,33,33
OK,A7E948.pdb,A,fastas/A7E948.fasta,34,A7E948_A_site_map.csv,268,328,209.5,1,1,34,34
OK,Q9BLD2.pdb,A,fastas/Q9BLD2.fasta,"418,427",Q9BLD2_A_site_map.csv,420,448,387.0,2,2,"418,427","399,408"
OK,O65987.pdb,A,fastas/O65987.fasta,"409,447,456",O65987_A_site_map.csv,672,715,622.0,3,3,"409,447,456","409,447,456"
OK,Q66NB7.pdb,A,fastas/Q66NB7.fasta,"209,319",Q66NB7_A_site_map.csv,353,386,317.5,2,2,"209,319","209,319"
OK,P37651.pdb,A,fastas/P37651.fasta,"55,116",P37651_A_site_map.csv,338,368,304.0,2,2,"55,116","55,116"
OK,A0A0U2D6P6.pdb,A,fastas/A0A0U2D6P6.fasta,"426,435",A0A0U2D6P6_A_site_map.csv,420,461,380.5,2,2,"426,435","399,408"
OK,Q9STD9.pdb,A,fastas/Q9STD9.fasta,"513,561,570",Q9STD9_A_site_map.csv,468,621,353.5,3,3,"513,561,570","405,453,462"
OK,D3GDK4.pdb,A,fastas/D3GDK4.fasta,"29,138",D3GDK4_A_site_map.csv,209,225,182.0,2,2,"29,138","29,138"
OK,P19487.pdb,A,fastas/P19487.fasta,"182,303",P19487_A_site_map.csv,432,484,387.0,2,2,"182,303","182,303"
OK,Q65JI9.pdb,A,fastas/Q65JI9.fasta,"414,452,461",Q65JI9_A_site_map.csv,614,654,575.0,3,3,"414,452,461","414,452,461"
OK,A0A0F7Q1T8.pdb,A,fastas/A0A0F7Q1T8.fasta,"170,348",A0A0F7Q1T8_A_site_map.csv,345,382,298.0,2,2,"170,348","170,348"
OK,F4GZY2.pdb,A,fastas/F4GZY2.fasta,"247,283,423",F4GZY2_A_site_map.csv,383,449,312.0,3,3,"247,283,423","247,283,423"
OK,G2QVH7.pdb,A,fastas/G2QVH7.fasta,33,G2QVH7_A_site_map.csv,252,299,209.5,1,1,33,33
OK,A0A0K2RV92.pdb,A,fastas/A0A0K2RV92.fasta,"541,550",A0A0K2RV92_A_site_map.csv,536,586,461.5,2,2,"541,550","541,550"
OK,Q9AJS0.pdb,A,fastas/Q9AJS0.fasta,"461,506,515",Q9AJS0_A_site_map.csv,440,537,372.5,3,3,"461,506,515","374,419,428"
OK,A0A0P0E6S3.pdb,A,fastas/A0A0P0E6S3.fasta,116,A0A0P0E6S3_A_site_map.csv,338,368,304.0,1,1,116,116
OK,Q46002.pdb,A,fastas/Q46002.fasta,"732,783,792",Q46002_A_site_map.csv,846,885,798.0,3,3,"732,783,792","732,783,792"
OK,P17050.pdb,A,fastas/P17050.fasta,"156,217",P17050_A_site_map.csv,392,411,363.5,2,2,"156,217","156,217"
OK,P04062.pdb,A,fastas/P04062.fasta,"274,379",P04062_A_site_map.csv,496,536,447.5,2,2,"274,379","274,379"
OK,F4H413.pdb,A,fastas/F4H413.fasta,"122,160,386",F4H413_A_site_map.csv,389,433,338.5,3,3,"122,160,386","122,160,386"
OK,Q3LS76.pdb,A,fastas/Q3LS76.fasta,338,Q3LS76_A_site_map.csv,311,555,151.0,1,1,338,154
OK,Q9AJF8.pdb,A,fastas/Q9AJF8.fasta,"388,426,435",Q9AJF8_A_site_map.csv,668,710,628.0,3,3,"388,426,435","388,426,435"
OK,Q8L7S6.pdb,A,fastas/Q8L7S6.fasta,329,Q8L7S6_A_site_map.csv,489,535,445.0,1,1,329,329
OK,D3PZ76.pdb,A,fastas/D3PZ76.fasta,317,D3PZ76_A_site_map.csv,342,546,221.0,1,1,317,177
OK,Q3L6N4.pdb,A,fastas/Q3L6N4.fasta,337,Q3L6N4_A_site_map.csv,313,536,173.0,1,1,337,156
OK,A0A3G3NI51.pdb,A,fastas/A0A3G3NI51.fasta,342,A0A3G3NI51_A_site_map.csv,318,536,188.0,1,1,342,164
OK,A0A0C5CE51.pdb,A,fastas/A0A0C5CE51.fasta,397,A0A0C5CE51_A_site_map.csv,354,640,192.0,1,1,397,162
OK,Q3ZMA8.pdb,A,fastas/Q3ZMA8.fasta,"426,465,474",Q3ZMA8_A_site_map.csv,897,966,824.5,3,3,"426,465,474","426,465,474"
OK,Q6RKQ1.pdb,A,fastas/Q6RKQ1.fasta,"223,299",Q6RKQ1_A_site_map.csv,315,498,204.5,2,2,"223,299","202,278"
OK,Q841V6.pdb,A,fastas/Q841V6.fasta,"215,340",Q841V6_A_site_map.csv,523,566,482.5,2,2,"215,340","215,340"
OK,Q45071.pdb,A,fastas/Q45071.fasta,"50,251",Q45071_A_site_map.csv,488,513,466.0,2,2,"50,251","50,251"
OK,A7WM73.pdb,A,fastas/A7WM73.fasta,332,A7WM73_A_site_map.csv,488,541,433.0,1,1,332,332
OK,Q06GJ0.pdb,A,fastas/Q06GJ0.fasta,"249,303,368",Q06GJ0_A_site_map.csv,567,594,534.5,3,3,"249,303,368","249,303,368"
OK,A0A2P1BRR8.pdb,A,fastas/A0A2P1BRR8.fasta,384,A0A2P1BRR8_A_site_map.csv,354,616,204.0,1,1,384,166
OK,B5MGR1.pdb,A,fastas/B5MGR1.fasta,"229,305",B5MGR1_A_site_map.csv,315,506,200.5,2,2,"229,305","202,278"
OK,A0A1L7HA00.pdb,A,fastas/A0A1L7HA00.fasta,"15,200",A0A1L7HA00_A_site_map.csv,321,324,300.5,2,2,"15,200","15,200"
OK,A0A1L9P8I4.pdb,A,fastas/A0A1L9P8I4.fasta,354,A0A1L9P8I4_A_site_map.csv,362,608,220.0,1,1,354,165
OK,E7CY70.pdb,A,fastas/E7CY70.fasta,"186,310",E7CY70_A_site_map.csv,510,522,494.5,2,2,"186,310","186,310"
OK,A2QL72.pdb,A,fastas/A2QL72.fasta,"154,212",A2QL72_A_site_map.csv,514,537,493.0,2,2,"154,212","154,212"
OK,Q9SYK0.pdb,A,fastas/Q9SYK0.fasta,337,Q9SYK0_A_site_map.csv,544,580,507.0,1,1,337,337
OK,E7BYE4.pdb,A,fastas/E7BYE4.fasta,330,E7BYE4_A_site_map.csv,344,574,181.5,1,1,330,165
OK,A0A1Q2U2H0.pdb,A,fastas/A0A1Q2U2H0.fasta,"46,207",A0A1Q2U2H0_A_site_map.csv,702,748,622.0,2,2,"46,207","46,207"
OK,Q84GK1.pdb,A,fastas/Q84GK1.fasta,"106,110",Q84GK1_A_site_map.csv,215,215,215.0,2,2,"106,110","106,110"
OK,Q9XBQ3.pdb,A,fastas/Q9XBQ3.fasta,"175,294",Q9XBQ3_A_site_map.csv,500,502,480.0,2,2,"175,294","175,294"
OK,P40406.pdb,A,fastas/P40406.fasta,"234,318",P40406_A_site_map.csv,617,642,595.0,2,2,"234,318","234,318"
OK,Q2UIM2.pdb,A,fastas/Q2UIM2.fasta,"229,305",Q2UIM2_A_site_map.csv,482,506,460.5,2,2,"229,305","229,305"
OK,P29717.pdb,A,fastas/P29717.fasta,"230,330",P29717_A_site_map.csv,394,438,362.5,2,2,"230,330","230,330"
OK,A3DEX4.pdb,A,fastas/A3DEX4.fasta,"60,215",A3DEX4_A_site_map.csv,631,679,578.5,2,2,"60,215","60,215"
OK,P94531.pdb,A,fastas/P94531.fasta,"173,292",P94531_A_site_map.csv,500,500,500.0,2,2,"173,292","173,292"
OK,A0A0P0IZM9.pdb,A,fastas/A0A0P0IZM9.fasta,127,A0A0P0IZM9_A_site_map.csv,486,535,433.0,1,1,127,127
OK,I3W8N1.pdb,A,fastas/I3W8N1.fasta,"132,136",I3W8N1_A_site_map.csv,207,243,160.5,2,2,"132,136","114,118"
OK,A0A0E3Y582.pdb,A,fastas/A0A0E3Y582.fasta,279,A0A0E3Y582_A_site_map.csv,419,455,382.0,1,1,279,279
OK,I3W8N0.pdb,A,fastas/I3W8N0.fasta,"132,136",I3W8N0_A_site_map.csv,207,243,160.5,2,2,"132,136","118,122"
OK,O94220.pdb,A,fastas/O94220.fasta,43,O94220_A_site_map.csv,487,516,453.5,1,1,43,43
OK,G0YW23.pdb,A,fastas/G0YW23.fasta,"106,110",G0YW23_A_site_map.csv,213,215,202.5,2,2,"106,110","106,110"
OK,A9ZND1.pdb,A,fastas/A9ZND1.fasta,"16,189",A9ZND1_A_site_map.csv,523,535,488.5,2,2,"16,189","16,189"
OK,H1AE12.pdb,A,fastas/H1AE12.fasta,"258,492",H1AE12_A_site_map.csv,720,742,661.5,2,2,"258,492","258,492"
OK,Q8GMY0.pdb,A,fastas/Q8GMY0.fasta,"106,110",Q8GMY0_A_site_map.csv,212,214,201.5,2,2,"106,110","106,110"
OK,S6DXG7.pdb,A,fastas/S6DXG7.fasta,"120,166,345",S6DXG7_A_site_map.csv,361,390,337.0,3,3,"120,166,345","120,166,345"
OK,P17989.pdb,A,fastas/P17989.fasta,"79,83",P17989_A_site_map.csv,170,349,61.5,2,2,"79,83","52,56"
OK,Q5JB56.pdb,A,fastas/Q5JB56.fasta,"16,180",Q5JB56_A_site_map.csv,509,529,468.5,2,2,"16,180","16,180"
OK,D7PC10.pdb,A,fastas/D7PC10.fasta,"468,513,522",D7PC10_A_site_map.csv,440,541,370.5,3,3,"468,513,522","374,419,428"
OK,P19254.pdb,A,fastas/P19254.fasta,"95,156",P19254_A_site_map.csv,380,409,356.0,2,2,"95,156","95,156"
OK,P49425.pdb,A,fastas/P49425.fasta,"313,406",P49425_A_site_map.csv,303,558,156.5,2,2,"313,406","161,254"
OK,A0A0F6QU36.pdb,A,fastas/A0A0F6QU36.fasta,"134,138",A0A0F6QU36_A_site_map.csv,214,243,190.0,2,2,"134,138","106,110"
OK,Q53EH2.pdb,A,fastas/Q53EH2.fasta,"166,352",Q53EH2_A_site_map.csv,445,445,445.0,2,2,"166,352","166,352"
OK,Q84C00.pdb,A,fastas/Q84C00.fasta,"136,140",Q84C00_A_site_map.csv,219,334,142.5,2,2,"136,140","109,113"
OK,P27051.pdb,A,fastas/P27051.fasta,"134,138",P27051_A_site_map.csv,215,243,191.5,2,2,"134,138","106,110"
OK,I3W8N2.pdb,A,fastas/I3W8N2.fasta,"132,136",I3W8N2_A_site_map.csv,207,243,160.5,2,2,"132,136","118,122"
OK,I3W8N3.pdb,A,fastas/I3W8N3.fasta,"132,136",I3W8N3_A_site_map.csv,206,243,159.0,2,2,"132,136","118,122"
OK,K0A689.pdb,A,fastas/K0A689.fasta,"130,134",K0A689_A_site_map.csv,214,239,192.0,2,2,"130,134","116,120"
OK,P45798.pdb,A,fastas/P45798.fasta,"158,163",P45798_A_site_map.csv,239,286,206.0,2,2,"158,163","111,116"
OK,D0UHB3.pdb,A,fastas/D0UHB3.fasta,"191,290",D0UHB3_A_site_map.csv,311,360,267.5,2,2,"191,290","156,255"
OK,P04957.pdb,A,fastas/P04957.fasta,"133,137",P04957_A_site_map.csv,214,242,190.5,2,2,"133,137","105,109"
OK,P07980.pdb,A,fastas/P07980.fasta,134,P07980_A_site_map.csv,214,239,192.0,1,1,134,109
OK,Q00012.pdb,A,fastas/Q00012.fasta,"198,306",Q00012_A_site_map.csv,346,377,311.5,2,2,"198,306","198,306"
OK,A0A0E3U204.pdb,A,fastas/A0A0E3U204.fasta,279,A0A0E3U204_A_site_map.csv,419,455,382.0,1,1,279,279
OK,C6KL35.pdb,A,fastas/C6KL35.fasta,"322,414",C6KL35_A_site_map.csv,299,475,192.0,2,2,"322,414","156,248"
OK,B4XC07.pdb,A,fastas/B4XC07.fasta,"181,312",B4XC07_A_site_map.csv,364,382,345.5,2,2,"181,312","181,312"
OK,Q45691.pdb,A,fastas/Q45691.fasta,"130,134",Q45691_A_site_map.csv,214,239,192.0,2,2,"130,134","117,121"
OK,Q846Q0.pdb,A,fastas/Q846Q0.fasta,"128,132",Q846Q0_A_site_map.csv,210,237,187.0,2,2,"128,132","101,105"
OK,B5LX62.pdb,A,fastas/B5LX62.fasta,"168,267",B5LX62_A_site_map.csv,312,337,280.5,2,2,"168,267","156,255"
OK,A2R6F5.pdb,A,fastas/A2R6F5.fasta,"187,279",A2R6F5_A_site_map.csv,298,335,251.0,2,2,"187,279","156,248"
OK,P77847.pdb,A,fastas/P77847.fasta,"751,843",P77847_A_site_map.csv,304,911,-18.5,2,2,"751,843","155,247"
OK,Q2PGY1.pdb,A,fastas/Q2PGY1.fasta,"113,204",Q2PGY1_A_site_map.csv,189,217,165.5,2,2,"113,204","85,176"
OK,G2Q4H7.pdb,A,fastas/G2Q4H7.fasta,"332,422",G2Q4H7_A_site_map.csv,294,482,181.0,2,2,"332,422","152,242"
OK,A0A097QQT4.pdb,A,fastas/A0A097QQT4.fasta,"129,133",A0A097QQT4_A_site_map.csv,209,238,185.0,2,2,"129,133","101,105"
OK,Q84F19.pdb,A,fastas/Q84F19.fasta,"106,200",Q84F19_A_site_map.csv,185,213,161.5,2,2,"106,200","87,181"
OK,P55329.pdb,A,fastas/P55329.fasta,"106,197",P55329_A_site_map.csv,183,211,150.0,2,2,"106,197","79,170"
OK,Q5B7X2.pdb,A,fastas/Q5B7X2.fasta,"211,312",Q5B7X2_A_site_map.csv,340,383,299.5,2,2,"211,312","211,312"
OK,B5SYI8.pdb,A,fastas/B5SYI8.fasta,"106,200",B5SYI8_A_site_map.csv,185,213,161.5,2,2,"106,200","87,181"
OK,Q6UN40.pdb,A,fastas/Q6UN40.fasta,"113,204",Q6UN40_A_site_map.csv,190,267,132.5,2,2,"113,204","86,177"
OK,O05512.pdb,A,fastas/O05512.fasta,"193,292",O05512_A_site_map.csv,312,362,268.0,2,2,"193,292","156,255"
OK,Q4WBS1.pdb,A,fastas/Q4WBS1.fasta,"264,373",Q4WBS1_A_site_map.csv,382,438,335.0,2,2,"264,373","264,373"
OK,Q9X584.pdb,A,fastas/Q9X584.fasta,278,Q9X584_A_site_map.csv,300,438,212.0,1,1,278,238
OK,Q5AZ53.pdb,A,fastas/Q5AZ53.fasta,"196,313",Q5AZ53_A_site_map.csv,381,399,353.0,2,2,"196,313","196,313"
OK,Q8WPJ2.pdb,A,fastas/Q8WPJ2.fasta,"177,308",Q8WPJ2_A_site_map.csv,350,367,332.0,2,2,"177,308","177,308"
OK,D0UH99.pdb,A,fastas/D0UH99.fasta,"193,292",D0UH99_A_site_map.csv,312,362,268.0,2,2,"193,292","156,255"
OK,A2QKT4.pdb,A,fastas/A2QKT4.fasta,"206,314",A2QKT4_A_site_map.csv,345,383,316.5,2,2,"206,314","206,314"
OK,D1G4K3.pdb,A,fastas/D1G4K3.fasta,"118,210",D1G4K3_A_site_map.csv,190,226,153.0,2,2,"118,210","86,178"
OK,Q6QA21.pdb,A,fastas/Q6QA21.fasta,"121,212",Q6QA21_A_site_map.csv,188,225,160.0,2,2,"121,212","85,176"
OK,Q7ZA57.pdb,A,fastas/Q7ZA57.fasta,"125,216",Q7ZA57_A_site_map.csv,187,231,146.0,2,2,"125,216","85,176"
OK,B4XVN1.pdb,A,fastas/B4XVN1.fasta,"166,271",B4XVN1_A_site_map.csv,310,464,214.0,2,2,"166,271","127,232"
OK,Q56265.pdb,A,fastas/Q56265.fasta,"127,216",Q56265_A_site_map.csv,187,338,92.5,2,2,"127,216","85,174"
OK,Q3S401.pdb,A,fastas/Q3S401.fasta,"121,212",Q3S401_A_site_map.csv,188,225,160.0,2,2,"121,212","85,176"
OK,A0A0K2S4R5.pdb,A,fastas/A0A0K2S4R5.fasta,"167,266",A0A0K2S4R5_A_site_map.csv,311,336,279.5,2,2,"167,266","156,255"
OK,Q17TM8.pdb,A,fastas/Q17TM8.fasta,301,Q17TM8_A_site_map.csv,346,396,311.5,1,1,301,251
OK,Q9HFH0.pdb,A,fastas/Q9HFH0.fasta,"119,210",Q9HFH0_A_site_map.csv,189,223,162.5,2,2,"119,210","85,176"
OK,A8TGA1.pdb,A,fastas/A8TGA1.fasta,"134,228",A8TGA1_A_site_map.csv,200,335,113.5,2,2,"134,228","96,190"
OK,Q2I6W5.pdb,A,fastas/Q2I6W5.fasta,"134,223",Q2I6W5_A_site_map.csv,195,377,85.0,2,2,"134,223","93,182"
OK,P36218.pdb,A,fastas/P36218.fasta,"126,215",P36218_A_site_map.csv,177,229,132.0,2,2,"126,215","75,164"
OK,D3VWB5.pdb,A,fastas/D3VWB5.fasta,244,D3VWB5_A_site_map.csv,322,338,295.0,1,1,244,240
OK,B1B533.pdb,A,fastas/B1B533.fasta,263,B1B533_A_site_map.csv,272,327,225.5,1,1,263,209
OK,F7J663.pdb,A,fastas/F7J663.fasta,"128,218",F7J663_A_site_map.csv,188,336,95.0,2,2,"128,218","85,175"
OK,P29127.pdb,A,fastas/P29127.fasta,"141,223,386,474",P29127_A_site_map.csv,512,607,380.5,4,4,"141,223,386,474","141,223,386,474"
OK,T2HRP0.pdb,A,fastas/T2HRP0.fasta,255,T2HRP0_A_site_map.csv,317,407,253.0,1,1,255,241
OK,F8WSY7.pdb,A,fastas/F8WSY7.fasta,"135,227",F8WSY7_A_site_map.csv,190,241,145.5,2,2,"135,227","85,177"
OK,B9ZZN9.pdb,A,fastas/B9ZZN9.fasta,"106,200",B9ZZN9_A_site_map.csv,185,213,161.5,2,2,"106,200","87,181"
OK,A7TVD4.pdb,A,fastas/A7TVD4.fasta,277,A7TVD4_A_site_map.csv,300,478,192.0,1,1,277,238
OK,E7EF85.pdb,A,fastas/E7EF85.fasta,"119,210",E7EF85_A_site_map.csv,191,310,112.5,2,2,"119,210","87,178"
OK,B1A3N2.pdb,A,fastas/B1A3N2.fasta,765,B1A3N2_A_site_map.csv,334,1276,-156.0,1,1,765,258
OK,Q94G06.pdb,A,fastas/Q94G06.fasta,431,Q94G06_A_site_map.csv,294,556,144.0,1,1,431,229
OK,B9VSZ3.pdb,A,fastas/B9VSZ3.fasta,271,B9VSZ3_A_site_map.csv,303,471,200.0,1,1,271,238
OK,A0A0F7N1T1.pdb,A,fastas/A0A0F7N1T1.fasta,"125,216",A0A0F7N1T1_A_site_map.csv,187,231,146.0,2,2,"125,216","85,176"
OK,Q45VU2.pdb,A,fastas/Q45VU2.fasta,"106,200",Q45VU2_A_site_map.csv,185,213,161.5,2,2,"106,200","87,181"
OK,D1GFE6.pdb,A,fastas/D1GFE6.fasta,"112,204",D1GFE6_A_site_map.csv,190,217,167.0,2,2,"112,204","85,177"
OK,M4QNR9.pdb,A,fastas/M4QNR9.fasta,301,M4QNR9_A_site_map.csv,346,396,311.5,1,1,301,251
OK,D1KJJ7.pdb,A,fastas/D1KJJ7.fasta,"136,225",D1KJJ7_A_site_map.csv,187,241,141.0,2,2,"136,225","85,174"
OK,H9ZGD1.pdb,A,fastas/H9ZGD1.fasta,"130,220",H9ZGD1_A_site_map.csv,188,341,92.5,2,2,"130,220","85,175"
OK,D1FNQ6.pdb,A,fastas/D1FNQ6.fasta,"127,217",D1FNQ6_A_site_map.csv,188,230,157.5,2,2,"127,217","85,175"
OK,P36217.pdb,A,fastas/P36217.fasta,"119,210",P36217_A_site_map.csv,189,223,153.0,2,2,"119,210","86,177"
OK,Q9RMM4.pdb,A,fastas/Q9RMM4.fasta,"126,215",Q9RMM4_A_site_map.csv,187,335,94.0,2,2,"126,215","85,174"
OK,Q5ZNB1.pdb,A,fastas/Q5ZNB1.fasta,"148,255",Q5ZNB1_A_site_map.csv,314,407,248.5,2,2,"148,255","129,236"
OK,A0A286LNP2.pdb,A,fastas/A0A286LNP2.fasta,275,A0A286LNP2_A_site_map.csv,295,495,176.0,1,1,275,230
OK,F7YXD6.pdb,A,fastas/F7YXD6.fasta,272,F7YXD6_A_site_map.csv,333,364,289.0,1,1,272,246
OK,O68541.pdb,A,fastas/O68541.fasta,271,O68541_A_site_map.csv,341,379,293.5,1,1,271,242
OK,Q8J1V6.pdb,A,fastas/Q8J1V6.fasta,"113,204",Q8J1V6_A_site_map.csv,190,261,135.5,2,2,"113,204","86,177"
OK,I3QKR9.pdb,A,fastas/I3QKR9.fasta,"121,212",I3QKR9_A_site_map.csv,188,225,160.0,2,2,"121,212","85,176"
OK,P35809.pdb,A,fastas/P35809.fasta,"87,184",P35809_A_site_map.csv,196,197,186.0,2,2,"87,184","87,184"
OK,G2QDB9.pdb,A,fastas/G2QDB9.fasta,"126,217",G2QDB9_A_site_map.csv,189,230,159.0,2,2,"126,217","85,176"
OK,B8NJ86.pdb,A,fastas/B8NJ86.fasta,"117,208",B8NJ86_A_site_map.csv,189,221,163.5,2,2,"117,208","85,176"
OK,Q5EFR9.pdb,A,fastas/Q5EFR9.fasta,"120,209",Q5EFR9_A_site_map.csv,194,228,158.0,2,2,"120,209","92,181"
OK,G2QIK8.pdb,A,fastas/G2QIK8.fasta,"118,209",G2QIK8_A_site_map.csv,190,223,154.5,2,2,"118,209","86,177"
OK,Q47QL8.pdb,A,fastas/Q47QL8.fasta,"127,216",Q47QL8_A_site_map.csv,187,338,92.5,2,2,"127,216","85,174"
OK,X0M5X0.pdb,A,fastas/X0M5X0.fasta,"127,218",X0M5X0_A_site_map.csv,187,232,145.5,2,2,"127,218","85,176"
OK,Q9XGT8.pdb,A,fastas/Q9XGT8.fasta,295,Q9XGT8_A_site_map.csv,294,421,211.5,1,1,295,229
OK,A0A075EEX4.pdb,A,fastas/A0A075EEX4.fasta,601,A0A075EEX4_A_site_map.csv,345,1472,-237.5,1,1,601,247
OK,A8W969.pdb,A,fastas/A8W969.fasta,"147,152",A8W969_A_site_map.csv,278,453,171.5,2,2,"147,152","124,129"
OK,F5CI28.pdb,A,fastas/F5CI28.fasta,"121,212",F5CI28_A_site_map.csv,188,225,160.0,2,2,"121,212","85,176"
OK,D7NPL0.pdb,A,fastas/D7NPL0.fasta,"148,153",D7NPL0_A_site_map.csv,269,290,249.0,2,2,"148,153","127,132"
OK,I6Z9A7.pdb,A,fastas/I6Z9A7.fasta,261,I6Z9A7_A_site_map.csv,345,374,311.5,1,1,261,242
OK,Q8CJQ1.pdb,A,fastas/Q8CJQ1.fasta,277,Q8CJQ1_A_site_map.csv,300,477,192.5,1,1,277,238
OK,A0A172MAU1.pdb,A,fastas/A0A172MAU1.fasta,"106,200",A0A172MAU1_A_site_map.csv,185,213,161.5,2,2,"106,200","87,181"
OK,Q9UV68.pdb,A,fastas/Q9UV68.fasta,"128,221",Q9UV68_A_site_map.csv,201,485,40.0,2,2,"128,221","95,188"
OK,F0S6Y3.pdb,A,fastas/F0S6Y3.fasta,272,F0S6Y3_A_site_map.csv,334,367,308.0,1,1,272,241
OK,A0A346PXS9.pdb,A,fastas/A0A346PXS9.fasta,283,A0A346PXS9_A_site_map.csv,277,348,222.5,1,1,283,214
OK,E4Q2A4.pdb,A,fastas/E4Q2A4.fasta,247,E4Q2A4_A_site_map.csv,330,337,317.0,1,1,247,242
OK,B8NKE9.pdb,A,fastas/B8NKE9.fasta,"128,219",B8NKE9_A_site_map.csv,188,232,156.5,2,2,"128,219","85,176"
OK,Q59922.pdb,A,fastas/Q59922.fasta,280,Q59922_A_site_map.csv,299,461,199.0,1,1,280,238
OK,A0A2U9Q8K4.pdb,A,fastas/A0A2U9Q8K4.fasta,319,A0A2U9Q8K4_A_site_map.csv,317,400,256.5,1,1,319,240
OK,Q65CX5.pdb,A,fastas/Q65CX5.fasta,"190,288",Q65CX5_A_site_map.csv,387,424,349.5,2,2,"190,288","190,288"
OK,A0A2U8LMQ3.pdb,A,fastas/A0A2U8LMQ3.fasta,"118,209",A0A2U8LMQ3_A_site_map.csv,189,290,119.5,2,2,"118,209","85,176"
OK,Q5B2E8.pdb,A,fastas/Q5B2E8.fasta,"185,231,410",Q5B2E8_A_site_map.csv,406,455,362.5,3,3,"185,231,410","185,231,410"
OK,P62694.pdb,A,fastas/P62694.fasta,"229,234",P62694_A_site_map.csv,467,513,425.0,2,2,"229,234","229,234"
OK,G0S9B2.pdb,A,fastas/G0S9B2.fasta,"125,170,352",G0S9B2_A_site_map.csv,363,397,336.5,3,3,"125,170,352","125,170,352"
OK,B7GPC7.pdb,A,fastas/B7GPC7.fasta,184,B7GPC7_A_site_map.csv,282,545,131.5,1,1,184,134
OK,A0A0H2UP35.pdb,A,fastas/A0A0H2UP35.fasta,364,A0A0H2UP35_A_site_map.csv,461,471,437.0,1,1,364,364
OK,D1L2X1.pdb,A,fastas/D1L2X1.fasta,"170,229,239,241",D1L2X1_A_site_map.csv,549,576,526.0,4,4,"170,229,239,241","170,229,239,241"
OK,Q6F4N4.pdb,A,fastas/Q6F4N4.fasta,"147,152",Q6F4N4_A_site_map.csv,410,433,370.0,2,2,"147,152","147,152"
OK,P42293.pdb,A,fastas/P42293.fasta,"38,224",P42293_A_site_map.csv,443,469,420.5,2,2,"38,224","38,224"
OK,I6XPK9.pdb,A,fastas/I6XPK9.fasta,"34,203",I6XPK9_A_site_map.csv,294,312,275.5,2,2,"34,203","34,203"
OK,A5IKD4.pdb,A,fastas/A5IKD4.fasta,"32,223",A5IKD4_A_site_map.csv,448,471,417.5,2,2,"32,223","32,223"
OK,Q65L63.pdb,A,fastas/Q65L63.fasta,"50,219",Q65L63_A_site_map.csv,292,328,264.5,2,2,"50,219","50,219"
OK,A0A067XRK9.pdb,A,fastas/A0A067XRK9.fasta,"105,109",A0A067XRK9_A_site_map.csv,191,299,114.0,2,2,"105,109","80,84"
OK,Q5H7M8.pdb,A,fastas/Q5H7M8.fasta,"33,199",Q5H7M8_A_site_map.csv,303,320,285.0,2,2,"33,199","33,199"
OK,P43478.pdb,A,fastas/P43478.fasta,"163,165,168",P43478_A_site_map.csv,273,397,192.0,3,3,"163,165,168","138,140,143"
OK,P07987.pdb,A,fastas/P07987.fasta,245,P07987_A_site_map.csv,403,471,350.0,1,1,245,245
OK,Q9C1S9.pdb,A,fastas/Q9C1S9.fasta,"252,431",Q9C1S9_A_site_map.csv,408,476,355.0,2,2,"252,431","252,431"
OK,O86728.pdb,A,fastas/O86728.fasta,"390,568",O86728_A_site_map.csv,918,973,833.5,2,2,"390,568","390,568"
OK,A8CGP1.pdb,A,fastas/A8CGP1.fasta,"120,124",A8CGP1_A_site_map.csv,214,229,197.0,2,2,"120,124","120,124"
OK,W8QF82.pdb,A,fastas/W8QF82.fasta,378,W8QF82_A_site_map.csv,467,478,438.5,1,1,378,378
OK,A0A2T4C4X5.pdb,A,fastas/A0A2T4C4X5.fasta,"198,244,424",A0A2T4C4X5_A_site_map.csv,403,470,350.5,3,3,"198,244,424","198,244,424"
OK,A0A024RXP8.pdb,A,fastas/A0A024RXP8.fasta,"229,234",A0A024RXP8_A_site_map.csv,468,514,426.0,2,2,"229,234","229,234"
OK,V5LER1.pdb,A,fastas/V5LER1.fasta,"49,215",V5LER1_A_site_map.csv,288,324,260.5,2,2,"49,215","49,215"
OK,B3EYM8.pdb,A,fastas/B3EYM8.fasta,"27,201",B3EYM8_A_site_map.csv,313,315,293.0,2,2,"27,201","27,201"
OK,A4XIF7.pdb,A,fastas/A4XIF7.fasta,285,A4XIF7_A_site_map.csv,334,1039,-37.5,1,1,285,247
OK,P19571.pdb,A,fastas/P19571.fasta,"269,299",P19571_A_site_map.csv,482,518,454.5,2,2,"269,299","269,299"
OK,A0A0C4JZB0.pdb,A,fastas/A0A0C4JZB0.fasta,"34,202",A0A0C4JZB0_A_site_map.csv,289,309,269.5,2,2,"34,202","34,202"
OK,A0A067XR63.pdb,A,fastas/A0A067XR63.fasta,"82,86",A0A067XR63_A_site_map.csv,191,268,133.5,2,2,"82,86","82,86"
OK,A0A2H4RAB6.pdb,A,fastas/A0A2H4RAB6.fasta,"30,196",A0A2H4RAB6_A_site_map.csv,306,324,268.5,2,2,"30,196","30,196"
OK,A0A088BCU2.pdb,A,fastas/A0A088BCU2.fasta,156,A0A088BCU2_A_site_map.csv,380,409,356.0,1,1,156,156
OK,A0A0K2GVV7.pdb,A,fastas/A0A0K2GVV7.fasta,160,A0A0K2GVV7_A_site_map.csv,381,414,355.0,1,1,160,160
OK,C3W4Y2.pdb,A,fastas/C3W4Y2.fasta,"38,214",C3W4Y2_A_site_map.csv,430,459,396.5,2,2,"38,214","38,214"
OK,Q59325.pdb,A,fastas/Q59325.fasta,"737,786,795",Q59325_A_site_map.csv,1163,1230,1053.5,3,3,"737,786,795","737,786,795"
OK,A4XJR7.pdb,A,fastas/A4XJR7.fasta,"68,251",A4XJR7_A_site_map.csv,449,488,410.5,2,2,"68,251","68,251"
OK,Q8J0Q0.pdb,A,fastas/Q8J0Q0.fasta,378,Q8J0Q0_A_site_map.csv,515,565,449.5,1,1,378,378
OK,A0R6E0.pdb,A,fastas/A0R6E0.fasta,"230,272",A0R6E0_A_site_map.csv,575,593,537.5,2,2,"230,272","230,272"
OK,B3A003.pdb,A,fastas/B3A003.fasta,"83,94",B3A003_A_site_map.csv,116,187,61.5,2,2,"83,94","16,27"
OK,A3DIH0.pdb,A,fastas/A3DIH0.fasta,"173,292",A3DIH0_A_site_map.csv,503,503,503.0,2,2,"173,292","173,292"
OK,A7LXT7.pdb,A,fastas/A7LXT7.fasta,"297,430",A7LXT7_A_site_map.csv,461,502,431.0,2,2,"297,430","297,430"
OK,P94804.pdb,A,fastas/P94804.fasta,"142,311",P94804_A_site_map.csv,662,663,652.0,2,2,"142,311","142,311"
OK,A3DD66.pdb,A,fastas/A3DD66.fasta,"402,479,483",A3DD66_A_site_map.csv,647,773,574.5,3,3,"402,479,483","402,479,483"
OK,B2B3C0.pdb,A,fastas/B2B3C0.fasta,"194,300",B2B3C0_A_site_map.csv,345,373,321.5,2,2,"194,300","194,300"
OK,B6A876.pdb,A,fastas/B6A876.fasta,256,B6A876_A_site_map.csv,439,542,368.5,1,1,256,189
OK,A0A7U9P668.pdb,A,fastas/A0A7U9P668.fasta,"328,357",A0A7U9P668_A_site_map.csv,584,588,563.0,2,2,"328,357","328,357"
OK,G4FEF4.pdb,A,fastas/G4FEF4.fasta,"327,387",G4FEF4_A_site_map.csv,526,552,503.5,2,2,"327,387","327,387"
OK,B2UP57.pdb,A,fastas/B2UP57.fasta,"151,214,279",B2UP57_A_site_map.csv,469,493,438.0,3,3,"151,214,279","151,214,279"
OK,K7T9D9.pdb,A,fastas/K7T9D9.fasta,"48,223",K7T9D9_A_site_map.csv,543,598,464.0,2,2,"48,223","48,223"
OK,Q9XCD4.pdb,A,fastas/Q9XCD4.fasta,"393,566",Q9XCD4_A_site_map.csv,936,984,864.5,2,2,"393,566","393,566"
OK,D5EY15.pdb,A,fastas/D5EY15.fasta,"269,616",D5EY15_A_site_map.csv,835,861,774.5,2,2,"269,616","269,616"
OK,O64879.pdb,A,fastas/O64879.fasta,"200,413",O64879_A_site_map.csv,476,506,442.0,2,2,"200,413","200,413"
OK,G2NFJ9.pdb,A,fastas/G2NFJ9.fasta,502,G2NFJ9_A_site_map.csv,549,605,502.0,1,1,502,502
OK,C0HJB3.pdb,A,fastas/C0HJB3.fasta,145,C0HJB3_A_site_map.csv,925,981,811.5,1,1,145,145
OK,O76357.pdb,A,fastas/O76357.fasta,"28,39",O76357_A_site_map.csv,120,139,91.5,2,2,"28,39","10,21"
OK,O07012.pdb,A,fastas/O07012.fasta,"144,308",O07012_A_site_map.csv,672,672,672.0,2,2,"144,308","144,308"
OK,O74641.pdb,A,fastas/O74641.fasta,43,O74641_A_site_map.csv,493,516,472.0,1,1,43,43
OK,O00462.pdb,A,fastas/O00462.fasta,"457,554",O00462_A_site_map.csv,859,879,830.0,2,2,"457,554","457,554"
OK,O64883.pdb,A,fastas/O64883.fasta,"183,398",O64883_A_site_map.csv,469,560,395.0,2,2,"183,398","183,398"
OK,O65258.pdb,A,fastas/O65258.fasta,"269,465",O65258_A_site_map.csv,444,542,376.0,2,2,"269,465","269,465"
OK,A1A278.pdb,A,fastas/A1A278.fasta,"205,316",A1A278_A_site_map.csv,347,1002,0.5,2,2,"205,316","157,268"
OK,Q9AI65.pdb,A,fastas/Q9AI65.fasta,172,Q9AI65_A_site_map.csv,442,453,413.5,1,1,172,172
OK,Q3MUH7.pdb,A,fastas/Q3MUH7.fasta,"70,479",Q3MUH7_A_site_map.csv,979,1027,926.5,2,2,"70,479","70,479"
OK,P11941.pdb,A,fastas/P11941.fasta,"50,67",P11941_A_site_map.csv,129,144,112.0,2,2,"50,67","35,52"
OK,A3RF67.pdb,A,fastas/A3RF67.fasta,"205,419",A3RF67_A_site_map.csv,472,547,406.0,2,2,"205,419","205,419"
OK,P05117.pdb,A,fastas/P05117.fasta,"270,293",P05117_A_site_map.csv,373,457,312.0,2,2,"270,293","270,293"
OK,P07686.pdb,A,fastas/P07686.fasta,355,P07686_A_site_map.csv,483,556,402.5,1,1,355,355
OK,B6A879.pdb,A,fastas/B6A879.fasta,349,B6A879_A_site_map.csv,382,633,134.5,1,1,349,199
OK,A0A023I7E1.pdb,A,fastas/A0A023I7E1.fasta,"500,578,582",A0A023I7E1_A_site_map.csv,714,796,635.0,3,3,"500,578,582","470,548,552"
OK,P05656.pdb,A,fastas/P05656.fasta,49,P05656_A_site_map.csv,650,677,627.0,1,1,49,49
OK,D5MTF8.pdb,A,fastas/D5MTF8.fasta,"240,456",D5MTF8_A_site_map.csv,490,564,434.0,2,2,"240,456","240,456"
OK,D0TZF0.pdb,A,fastas/D0TZF0.fasta,"432,488",D0TZF0_A_site_map.csv,694,803,601.5,2,2,"432,488","432,488"
OK,P49274.pdb,A,fastas/P49274.fasta,"194,230",P49274_A_site_map.csv,496,496,496.0,2,2,"194,230","194,230"
OK,P49424.pdb,A,fastas/P49424.fasta,"212,320",P49424_A_site_map.csv,352,423,297.5,2,2,"212,320","157,265"
OK,A7LXT0.pdb,A,fastas/A7LXT0.fasta,"553,556,630",A7LXT0_A_site_map.csv,932,954,911.5,3,3,"553,556,630","553,556,630"
OK,P16009.pdb,A,fastas/P16009.fasta,"184,193",P16009_A_site_map.csv,544,575,507.5,2,2,"184,193","184,193"
OK,A3FEW8.pdb,A,fastas/A3FEW8.fasta,"463,539",A3FEW8_A_site_map.csv,1021,1028,998.5,2,2,"463,539","463,539"
OK,P32138.pdb,A,fastas/P32138.fasta,"405,408,472",P32138_A_site_map.csv,669,678,655.0,3,3,"405,408,472","405,408,472"
OK,E4Q361.pdb,A,fastas/E4Q361.fasta,"163,361",E4Q361_A_site_map.csv,451,452,441.0,2,2,"163,361","163,361"
OK,P75949.pdb,A,fastas/P75949.fasta,"176,248",P75949_A_site_map.csv,329,341,294.5,2,1,"176,248",248
OK,P52407.pdb,A,fastas/P52407.fasta,"130,276",P52407_A_site_map.csv,316,374,268.0,2,2,"130,276","130,276"
OK,P15067.pdb,A,fastas/P15067.fasta,"336,371",P15067_A_site_map.csv,655,657,644.5,2,2,"336,371","336,371"
OK,P55330.pdb,A,fastas/P55330.fasta,"121,212",P55330_A_site_map.csv,188,225,160.0,2,2,"121,212","85,176"
OK,H2DF87.pdb,A,fastas/H2DF87.fasta,133,H2DF87_A_site_map.csv,490,588,391.0,1,1,133,133
OK,G8JZS4.pdb,A,fastas/G8JZS4.fasta,532,G8JZS4_A_site_map.csv,718,738,698.5,1,1,532,532
OK,P94248.pdb,A,fastas/P94248.fasta,"168,362",P94248_A_site_map.csv,457,460,434.5,2,2,"168,362","168,362"
OK,P45796.pdb,A,fastas/P45796.fasta,"49,248",P45796_A_site_map.csv,604,635,569.5,2,2,"49,248","49,248"
OK,O74288.pdb,A,fastas/O74288.fasta,"227,304",O74288_A_site_map.csv,488,510,467.5,2,2,"227,304","227,304"
OK,P54803.pdb,A,fastas/P54803.fasta,"198,274",P54803_A_site_map.csv,645,685,615.5,2,2,"198,274","198,274"
OK,I1RII8.pdb,A,fastas/I1RII8.fasta,"122,214",I1RII8_A_site_map.csv,188,228,149.0,2,2,"122,214","86,178"
OK,Q12794.pdb,A,fastas/Q12794.fasta,131,Q12794_A_site_map.csv,412,435,381.5,1,1,131,131
OK,P00720.pdb,A,fastas/P00720.fasta,"11,20",P00720_A_site_map.csv,163,164,153.0,2,2,"11,20","11,20"
OK,P08905.pdb,A,fastas/P08905.fasta,"53,71",P08905_A_site_map.csv,130,148,111.5,2,2,"53,71","35,53"
OK,P00693.pdb,A,fastas/P00693.fasta,"204,229",P00693_A_site_map.csv,406,438,371.0,2,2,"204,229","204,229"
OK,P38138.pdb,A,fastas/P38138.fasta,"537,540,614",P38138_A_site_map.csv,879,954,784.5,3,3,"537,540,614","537,540,614"
OK,Q22492.pdb,A,fastas/Q22492.fasta,325,Q22492_A_site_map.csv,514,555,465.0,1,1,325,325
OK,P0CB51.pdb,A,fastas/P0CB51.fasta,171,P0CB51_A_site_map.csv,364,427,313.5,1,1,171,134
OK,Q2ULB2.pdb,A,fastas/Q2ULB2.fasta,375,Q2ULB2_A_site_map.csv,475,510,438.5,1,1,375,375
OK,Q38786.pdb,A,fastas/Q38786.fasta,"238,454",Q38786_A_site_map.csv,477,574,390.5,2,2,"238,454","238,454"
OK,Q09850.pdb,A,fastas/Q09850.fasta,"457,533,537",Q09850_A_site_map.csv,696,706,653.0,3,3,"457,533,537","457,533,537"
OK,Q2M3T9.pdb,A,fastas/Q2M3T9.fasta,147,Q2M3T9_A_site_map.csv,420,481,364.5,1,1,147,147
OK,Q09LY5.pdb,A,fastas/Q09LY5.fasta,"285,364,392",Q09LY5_A_site_map.csv,665,679,629.5,3,2,"285,364,392","364,392"
OK,Q12168.pdb,A,fastas/Q12168.fasta,"526,609,613",Q12168_A_site_map.csv,699,779,630.5,3,3,"526,609,613","454,537,541"
OK,P16278.pdb,A,fastas/P16278.fasta,"188,268",P16278_A_site_map.csv,598,677,530.0,2,2,"188,268","188,268"
OK,P54716.pdb,A,fastas/P54716.fasta,"172,265",P54716_A_site_map.csv,433,449,396.5,2,2,"172,265","172,265"
OK,P83513.pdb,A,fastas/P83513.fasta,"108,198",P83513_A_site_map.csv,195,602,-27.5,2,2,"108,198","92,182"
OK,P83673.pdb,A,fastas/P83673.fasta,"84,95",P83673_A_site_map.csv,116,184,72.5,2,2,"84,95","16,27"
OK,Q6YGZ1.pdb,A,fastas/Q6YGZ1.fasta,"217,335",Q6YGZ1_A_site_map.csv,507,535,474.0,2,2,"217,335","217,335"
OK,P94522.pdb,A,fastas/P94522.fasta,"44,215",P94522_A_site_map.csv,292,323,267.0,2,2,"44,215","44,215"
OK,Q8E372.pdb,A,fastas/Q8E372.fasta,"115,175",Q8E372_A_site_map.csv,358,398,309.5,2,2,"115,175","115,175"
OK,P31723.pdb,A,fastas/P31723.fasta,375,P31723_A_site_map.csv,475,511,436.0,1,1,375,375
OK,Q7XSK2.pdb,A,fastas/Q7XSK2.fasta,"196,410",Q7XSK2_A_site_map.csv,478,516,434.0,2,2,"196,410","196,410"
OK,P96645.pdb,A,fastas/P96645.fasta,"237,290,302",P96645_A_site_map.csv,124,329,12.0,3,3,"237,290,302","32,85,97"
OK,Q4R1C4.pdb,A,fastas/Q4R1C4.fasta,"464,539",Q4R1C4_A_site_map.csv,865,892,832.5,2,2,"464,539","464,539"
OK,P96157.pdb,A,fastas/P96157.fasta,"173,242",P96157_A_site_map.csv,317,329,292.0,2,1,"173,242",242
OK,Q8GJ44.pdb,A,fastas/Q8GJ44.fasta,"124,214",Q8GJ44_A_site_map.csv,195,651,-52.0,2,2,"124,214","92,182"
OK,Q8HA43.pdb,A,fastas/Q8HA43.fasta,"26,91",Q8HA43_A_site_map.csv,131,443,-34.5,2,2,"26,91","26,91"
OK,Q8I4R4.pdb,A,fastas/Q8I4R4.fasta,174,Q8I4R4_A_site_map.csv,325,378,279.5,1,1,174,122
OK,Q5ATH9.pdb,A,fastas/Q5ATH9.fasta,288,Q5ATH9_A_site_map.csv,735,763,702.0,1,1,288,288
OK,Q8VEI3.pdb,A,fastas/Q8VEI3.fasta,129,Q8VEI3_A_site_map.csv,383,412,349.5,1,1,129,129
OK,Q8A6L0.pdb,A,fastas/Q8A6L0.fasta,"415,470",Q8A6L0_A_site_map.csv,644,662,625.5,2,2,"415,470","415,470"
OK,Q8J0K5.pdb,A,fastas/Q8J0K5.fasta,"117,206",Q8J0K5_A_site_map.csv,180,282,110.0,2,2,"117,206","78,167"
OK,Q00177.pdb,A,fastas/Q00177.fasta,"154,262",Q00177_A_site_map.csv,281,327,229.5,2,2,"154,262","111,219"
OK,Q8NK89.pdb,A,fastas/Q8NK89.fasta,"221,297",Q8NK89_A_site_map.csv,483,499,465.5,2,2,"221,297","221,297"
OK,Q8WWR8.pdb,A,fastas/Q8WWR8.fasta,"47,48,419,440",Q8WWR8_A_site_map.csv,369,484,262.0,4,4,"47,48,419,440","47,48,419,440"
OK,Q8BHN3.pdb,A,fastas/Q8BHN3.fasta,"542,618",Q8BHN3_A_site_map.csv,852,944,768.0,2,2,"542,618","542,618"
OK,Q2CEE3.pdb,A,fastas/Q2CEE3.fasta,116,Q2CEE3_A_site_map.csv,276,447,181.0,1,1,116,116
OK,Q91XA9.pdb,A,fastas/Q91XA9.fasta,140,Q91XA9_A_site_map.csv,369,473,298.0,1,1,140,119
OK,Q8WVB3.pdb,A,fastas/Q8WVB3.fasta,149,Q8WVB3_A_site_map.csv,457,486,414.0,1,1,149,149
OK,Q1XIR9.pdb,A,fastas/Q1XIR9.fasta,"240,456",Q1XIR9_A_site_map.csv,489,569,430.0,2,2,"240,456","240,456"
OK,Q1XH04.pdb,A,fastas/Q1XH04.fasta,"240,456",Q1XH04_A_site_map.csv,488,570,428.0,2,2,"240,456","240,456"
OK,Q99036.pdb,A,fastas/Q99036.fasta,"196,303",Q99036_A_site_map.csv,382,437,335.5,2,2,"196,303","196,303"
OK,Q99519.pdb,A,fastas/Q99519.fasta,"103,370,394",Q99519_A_site_map.csv,359,415,302.5,3,3,"103,370,394","103,370,394"
OK,Q94A41.pdb,A,fastas/Q94A41.fasta,"666,691",Q94A41_A_site_map.csv,623,887,337.0,2,2,"666,691","666,691"
OK,Q9FRV0.pdb,A,fastas/Q9FRV0.fasta,90,Q9FRV0_A_site_map.csv,243,266,222.0,1,1,90,90
OK,Q8K2I4.pdb,A,fastas/Q8K2I4.fasta,"457,554",Q8K2I4_A_site_map.csv,860,879,841.0,2,2,"457,554","457,554"
OK,Q3U4H6.pdb,A,fastas/Q3U4H6.fasta,149,Q3U4H6_A_site_map.csv,458,486,415.5,1,1,149,149
OK,Q2UHL4.pdb,A,fastas/Q2UHL4.fasta,"206,228",Q2UHL4_A_site_map.csv,336,367,311.0,2,2,"206,228","206,228"
OK,Q6H9K0.pdb,A,fastas/Q6H9K0.fasta,"200,223",Q6H9K0_A_site_map.csv,371,377,358.5,2,2,"200,223","200,223"
OK,Q95X01.pdb,A,fastas/Q95X01.fasta,"167,374",Q95X01_A_site_map.csv,463,464,453.0,2,2,"167,374","167,374"
OK,Q9JMH7.pdb,A,fastas/Q9JMH7.fasta,"50,369,386",Q9JMH7_A_site_map.csv,361,418,294.5,3,3,"50,369,386","50,369,386"
OK,Q9LCB9.pdb,A,fastas/Q9LCB9.fasta,"138,234",Q9LCB9_A_site_map.csv,313,460,220.5,2,2,"138,234","116,212"
OK,Q2UR38.pdb,A,fastas/Q2UR38.fasta,310,Q2UR38_A_site_map.csv,763,798,707.5,1,1,310,310
OK,Q7XSK0.pdb,A,fastas/Q7XSK0.fasta,"194,408",Q7XSK0_A_site_map.csv,475,505,441.0,2,2,"194,408","194,408"
OK,Q8IU26.pdb,A,fastas/Q8IU26.fasta,"29,41",Q8IU26_A_site_map.csv,116,136,87.0,2,2,"29,41","16,28"
OK,Q9M2U5.pdb,A,fastas/Q9M2U5.fasta,136,Q9M2U5_A_site_map.csv,243,273,218.5,1,1,136,136
OK,Q9LV33.pdb,A,fastas/Q9LV33.fasta,"205,419",Q9LV33_A_site_map.csv,479,512,443.5,2,2,"205,419","205,419"
OK,Q8RS40.pdb,A,fastas/Q8RS40.fasta,"138,234",Q8RS40_A_site_map.csv,266,469,136.0,2,2,"138,234","116,212"
OK,Q8L5J1.pdb,A,fastas/Q8L5J1.fasta,"204,318",Q8L5J1_A_site_map.csv,368,399,333.5,2,2,"204,318","204,318"
OK,Q9H227.pdb,A,fastas/Q9H227.fasta,"165,373",Q9H227_A_site_map.csv,467,469,456.5,2,2,"165,373","165,373"
OK,Q65CX4.pdb,A,fastas/Q65CX4.fasta,"144,308",Q65CX4_A_site_map.csv,673,673,673.0,2,2,"144,308","144,308"
OK,Q9UKM7.pdb,A,fastas/Q9UKM7.fasta,"330,463,570,599",Q9UKM7_A_site_map.csv,495,699,356.5,4,4,"330,463,570,599","330,463,570,599"
OK,Q9X108.pdb,A,fastas/Q9X108.fasta,241,Q9X108_A_site_map.csv,403,415,378.0,1,1,241,241
OK,Q8VIJ5.pdb,A,fastas/Q8VIJ5.fasta,175,Q8VIJ5_A_site_map.csv,277,916,-61.5,1,1,175,116
OK,Q9P359.pdb,A,fastas/Q9P359.fasta,"201,223",Q9P359_A_site_map.csv,336,362,313.5,2,2,"201,223","201,223"
OK,Q9LRC8.pdb,A,fastas/Q9LRC8.fasta,"212,329",Q9LRC8_A_site_map.csv,498,527,464.5,2,2,"212,329","212,329"
OK,Q91ZJ9.pdb,A,fastas/Q91ZJ9.fasta,159,Q91ZJ9_A_site_map.csv,401,462,332.5,1,1,159,159
OK,A0A0U4EBH5.pdb,A,fastas/A0A0U4EBH5.fasta,"192,294",A0A0U4EBH5_A_site_map.csv,354,385,308.0,2,2,"192,294","192,294"
OK,A0A2U7QU15.pdb,A,fastas/A0A2U7QU15.fasta,"153,260",A0A2U7QU15_A_site_map.csv,313,404,248.5,2,2,"153,260","128,235"
OK,Q9Y3R4.pdb,A,fastas/Q9Y3R4.fasta,"46,334,355",Q9Y3R4_A_site_map.csv,367,380,313.0,3,2,"46,334,355","334,355"
OK,A0A8G1A3Q5.pdb,A,fastas/A0A8G1A3Q5.fasta,302,A0A8G1A3Q5_A_site_map.csv,324,523,205.5,1,1,302,113
OK,Q9C512.pdb,A,fastas/Q9C512.fasta,"179,312,423,445",Q9C512_A_site_map.csv,512,560,459.5,4,4,"179,312,423,445","179,312,423,445"
OK,Q8GVD0.pdb,A,fastas/Q8GVD0.fasta,"202,433",Q8GVD0_A_site_map.csv,470,551,401.0,2,2,"202,433","202,433"
OK,Q9EQQ9.pdb,A,fastas/Q9EQQ9.fasta,175,Q9EQQ9_A_site_map.csv,277,916,-61.5,1,1,175,116
OK,Q8H116.pdb,A,fastas/Q8H116.fasta,"180,312,424,446",Q8H116_A_site_map.csv,513,572,455.0,4,4,"180,312,424,446","180,312,424,446"
OK,A7LXT3.pdb,A,fastas/A7LXT3.fasta,"185,511,553,562",A7LXT3_A_site_map.csv,549,587,501.5,4,4,"185,511,553,562","185,511,553,562"
OK,A2QTU5.pdb,A,fastas/A2QTU5.fasta,"413,505",A2QTU5_A_site_map.csv,718,736,699.5,2,2,"413,505","413,505"
OK,Q9ALJ4.pdb,A,fastas/Q9ALJ4.fasta,"478,548",Q9ALJ4_A_site_map.csv,719,729,685.5,2,2,"478,548","478,548"
OK,A7LXS8.pdb,A,fastas/A7LXS8.fasta,273,A7LXS8_A_site_map.csv,717,747,692.5,1,1,273,273
OK,Q95327.pdb,A,fastas/Q95327.fasta,"457,554",Q95327_A_site_map.csv,856,879,825.5,2,2,"457,554","457,554"
OK,Q9FIW4.pdb,A,fastas/Q9FIW4.fasta,"183,388",Q9FIW4_A_site_map.csv,480,490,456.0,2,2,"183,388","183,388"
OK,Q9HGI3.pdb,A,fastas/Q9HGI3.fasta,"225,278,349",Q9HGI3_A_site_map.csv,559,603,508.5,3,3,"225,278,349","225,278,349"
OK,A9CEZ0.pdb,A,fastas/A9CEZ0.fasta,"388,391,455",A9CEZ0_A_site_map.csv,663,664,653.0,3,3,"388,391,455","388,391,455"
OK,Q9RC92.pdb,A,fastas/Q9RC92.fasta,"88,149",Q9RC92_A_site_map.csv,376,377,366.0,2,2,"88,149","88,149"
OK,A0P8X0.pdb,A,fastas/A0P8X0.fasta,"231,373",A0P8X0_A_site_map.csv,1134,1290,951.5,2,2,"231,373","231,373"
OK,A0A2U7R6V5.pdb,A,fastas/A0A2U7R6V5.fasta,"113,207",A0A2U7R6V5_A_site_map.csv,193,220,170.0,2,2,"113,207","86,180"
OK,Q9ZT64.pdb,A,fastas/Q9ZT64.fasta,"191,408",Q9ZT64_A_site_map.csv,466,513,395.0,2,2,"191,408","191,408"
OK,A8J4S9.pdb,A,fastas/A8J4S9.fasta,"335,532",A8J4S9_A_site_map.csv,552,626,484.5,2,2,"335,532","335,532"
OK,U6BLZ9.pdb,A,fastas/U6BLZ9.fasta,229,U6BLZ9_A_site_map.csv,416,463,333.5,1,1,229,229
OK,B2ABX7.pdb,A,fastas/B2ABX7.fasta,"260,439",B2ABX7_A_site_map.csv,403,484,343.5,2,2,"260,439","260,439"
OK,Q9LXD6.pdb,A,fastas/Q9LXD6.fasta,298,Q9LXD6_A_site_map.csv,743,773,709.0,1,1,298,298
OK,A7LXU3.pdb,A,fastas/A7LXU3.fasta,314,A7LXU3_A_site_map.csv,744,786,694.5,1,1,314,314
OK,A2QVZ0.pdb,A,fastas/A2QVZ0.fasta,"51,222",A2QVZ0_A_site_map.csv,303,340,275.0,2,2,"51,222","51,222"
OK,A0A8A1G1R1.pdb,A,fastas/A0A8A1G1R1.fasta,"346,439",A0A8A1G1R1_A_site_map.csv,424,514,341.0,2,2,"346,439","346,439"
OK,B7SIW2.pdb,A,fastas/B7SIW2.fasta,"212,318",B7SIW2_A_site_map.csv,316,399,255.5,2,2,"212,318","132,238"
OK,E1ABX2.pdb,A,fastas/E1ABX2.fasta,41,E1ABX2_A_site_map.csv,519,537,500.5,1,1,41,41
OK,A7LXU0.pdb,A,fastas/A7LXU0.fasta,"38,198",A7LXU0_A_site_map.csv,508,529,486.0,2,2,"38,198","38,198"
OK,B0KZK1.pdb,A,fastas/B0KZK1.fasta,"217,253",B0KZK1_A_site_map.csv,470,517,416.0,2,2,"217,253","217,253"
OK,A7LXS9.pdb,A,fastas/A7LXS9.fasta,"437,544",A7LXS9_A_site_map.csv,783,851,728.0,2,2,"437,544","437,544"
OK,C6CRV0.pdb,A,fastas/C6CRV0.fasta,"651,706,775",C6CRV0_A_site_map.csv,338,1462,-243.0,3,3,"651,706,775","138,193,262"
OK,C8WV58.pdb,A,fastas/C8WV58.fasta,"157,313",C8WV58_A_site_map.csv,685,688,664.5,2,2,"157,313","157,313"
OK,B2AC20.pdb,A,fastas/B2AC20.fasta,"152,199",B2AC20_A_site_map.csv,348,419,284.0,2,2,"152,199","152,199"
OK,E7CY69.pdb,A,fastas/E7CY69.fasta,232,E7CY69_A_site_map.csv,731,757,680.0,1,1,232,232
OK,G5EAZ3.pdb,A,fastas/G5EAZ3.fasta,138,G5EAZ3_A_site_map.csv,360,398,322.0,1,1,138,135
OK,A7LXT8.pdb,A,fastas/A7LXT8.fasta,"34,189",A7LXT8_A_site_map.csv,502,526,471.0,2,2,"34,189","34,189"
OK,B3VSG7.pdb,A,fastas/B3VSG7.fasta,"122,214",B3VSG7_A_site_map.csv,190,227,144.5,2,2,"122,214","86,178"
OK,B2AE04.pdb,A,fastas/B2AE04.fasta,"125,170",B2AE04_A_site_map.csv,366,398,340.5,2,2,"125,170","125,170"
OK,I1S2K3.pdb,A,fastas/I1S2K3.fasta,"125,216",I1S2K3_A_site_map.csv,187,231,146.0,2,2,"125,216","85,176"
OK,I1BYM7.pdb,A,fastas/I1BYM7.fasta,"210,233",I1BYM7_A_site_map.csv,356,385,322.5,2,2,"210,233","210,233"
OK,B3PGJ1.pdb,A,fastas/B3PGJ1.fasta,"152,207",B3PGJ1_A_site_map.csv,381,404,360.0,2,2,"152,207","152,207"
OK,I1S3C6.pdb,A,fastas/I1S3C6.fasta,"205,316",I1S3C6_A_site_map.csv,302,381,243.5,2,2,"205,316","132,243"
OK,I1BTD7.pdb,A,fastas/I1BTD7.fasta,"254,483",I1BTD7_A_site_map.csv,642,683,562.5,2,2,"254,483","254,483"
OK,O08342.pdb,A,fastas/O08342.fasta,"187,328",O08342_A_site_map.csv,369,400,344.0,2,2,"187,328","187,328"
OK,A1A3T0.pdb,A,fastas/A1A3T0.fasta,"483,557",A1A3T0_A_site_map.csv,1013,1049,938.0,2,2,"483,557","483,557"
OK,B7SIW1.pdb,A,fastas/B7SIW1.fasta,"118,209",B7SIW1_A_site_map.csv,189,290,119.5,2,2,"118,209","85,176"
OK,O42809.pdb,A,fastas/O42809.fasta,"219,241",O42809_A_site_map.csv,340,378,307.5,2,2,"219,241","219,241"
OK,O07013.pdb,A,fastas/O07013.fasta,"194,292",O07013_A_site_map.csv,392,429,354.5,2,2,"194,292","194,292"
OK,I1BYN6.pdb,A,fastas/I1BYN6.fasta,"210,233",I1BYN6_A_site_map.csv,356,385,322.5,2,2,"210,233","210,233"
OK,O69231.pdb,A,fastas/O69231.fasta,"134,241",O69231_A_site_map.csv,328,332,307.0,2,2,"134,241","133,240"
OK,O31411.pdb,A,fastas/O31411.fasta,412,O31411_A_site_map.csv,846,921,751.5,1,1,412,412
OK,C7NB67.pdb,A,fastas/C7NB67.fasta,"170,263",C7NB67_A_site_map.csv,438,440,427.5,2,2,"170,263","170,263"
OK,C7N8L9.pdb,A,fastas/C7N8L9.fasta,"160,375",C7N8L9_A_site_map.csv,466,467,456.0,2,2,"160,375","160,375"
OK,J5K1E2.pdb,A,fastas/J5K1E2.fasta,"459,664",J5K1E2_A_site_map.csv,689,743,635.0,2,2,"459,664","459,664"
OK,D7EZJ3.pdb,A,fastas/D7EZJ3.fasta,"138,227",D7EZJ3_A_site_map.csv,186,340,90.0,2,2,"138,227","85,174"
OK,B6EY09.pdb,A,fastas/B6EY09.fasta,307,B6EY09_A_site_map.csv,767,804,701.0,1,1,307,307
OK,P13933.pdb,A,fastas/P13933.fasta,"154,192,339",P13933_A_site_map.csv,286,359,240.0,3,3,"154,192,339","154,192,339"
OK,O69315.pdb,A,fastas/O69315.fasta,"141,312",O69315_A_site_map.csv,645,645,645.0,2,2,"141,312","141,312"
OK,G2QCS4.pdb,A,fastas/G2QCS4.fasta,"219,224",G2QCS4_A_site_map.csv,411,464,365.5,2,2,"219,224","219,224"
OK,O86959.pdb,A,fastas/O86959.fasta,"209,238",O86959_A_site_map.csv,472,472,472.0,2,2,"209,238","209,238"
OK,D9SM34.pdb,A,fastas/D9SM34.fasta,"142,298",D9SM34_A_site_map.csv,654,659,632.5,2,2,"142,298","142,298"
OK,I1BPS7.pdb,A,fastas/I1BPS7.fasta,"188,211",I1BPS7_A_site_map.csv,321,363,262.0,2,2,"188,211","188,211"
OK,O58247.pdb,A,fastas/O58247.fasta,"181,349",O58247_A_site_map.csv,776,778,765.5,2,2,"181,349","181,349"
OK,O86960.pdb,A,fastas/O86960.fasta,"175,260",O86960_A_site_map.csv,476,480,445.5,2,2,"175,260","175,260"
OK,P19668.pdb,A,fastas/P19668.fasta,"148,303",P19668_A_site_map.csv,665,672,633.0,2,2,"148,303","148,303"
OK,P23665.pdb,A,fastas/P23665.fasta,"82,417",P23665_A_site_map.csv,356,453,260.0,2,2,"82,417","82,417"
OK,I1RQU5.pdb,A,fastas/I1RQU5.fasta,"147,261",I1RQU5_A_site_map.csv,321,354,285.5,2,2,"147,261","129,243"
OK,P32823.pdb,A,fastas/P32823.fasta,313,P32823_A_site_map.csv,430,820,216.0,1,1,313,156
OK,P82186.pdb,A,fastas/P82186.fasta,"24,132",P82186_A_site_map.csv,181,181,181.0,2,2,"24,132","24,132"
OK,P39795.pdb,A,fastas/P39795.fasta,"203,254",P39795_A_site_map.csv,555,561,533.0,2,2,"203,254","203,254"
OK,I1BYN5.pdb,A,fastas/I1BYN5.fasta,"198,221",I1BYN5_A_site_map.csv,319,372,262.0,2,2,"198,221","198,221"
OK,P82594.pdb,A,fastas/P82594.fasta,"60,236",P82594_A_site_map.csv,277,328,232.5,2,2,"60,236","60,236"
OK,P49067.pdb,A,fastas/P49067.fasta,"124,215",P49067_A_site_map.csv,628,649,589.0,2,2,"124,215","124,215"
OK,O31608.pdb,A,fastas/O31608.fasta,85,O31608_A_site_map.csv,129,181,93.5,1,1,85,85
OK,P85345.pdb,A,fastas/P85345.fasta,"35,53",P85345_A_site_map.csv,130,130,130.0,2,2,"35,53","35,53"
OK,O22317.pdb,A,fastas/O22317.fasta,"122,264",O22317_A_site_map.csv,313,340,290.0,2,2,"122,264","122,264"
OK,P54937.pdb,A,fastas/P54937.fasta,"185,309",P54937_A_site_map.csv,444,517,360.0,2,2,"185,309","185,309"
OK,O43097.pdb,A,fastas/O43097.fasta,"117,209",O43097_A_site_map.csv,190,225,153.5,2,2,"117,209","86,178"
OK,Q12550.pdb,A,fastas/Q12550.fasta,"106,197",Q12550_A_site_map.csv,184,211,147.5,2,2,"106,197","88,179"
OK,Q1HFS8.pdb,A,fastas/Q1HFS8.fasta,"155,262",Q1HFS8_A_site_map.csv,304,328,282.5,2,2,"155,262","155,262"
OK,I2C092.pdb,A,fastas/I2C092.fasta,430,I2C092_A_site_map.csv,854,855,844.0,1,1,430,430
OK,Q00293.pdb,A,fastas/Q00293.fasta,"244,267",Q00293_A_site_map.csv,409,435,377.0,2,2,"244,267","244,267"
OK,O22637.pdb,A,fastas/O22637.fasta,"417,473",O22637_A_site_map.csv,698,789,605.0,2,2,"417,473","417,473"
OK,Q4WG11.pdb,A,fastas/Q4WG11.fasta,"124,215",Q4WG11_A_site_map.csv,189,228,160.0,2,2,"124,215","85,176"
OK,P82593.pdb,A,fastas/P82593.fasta,380,P82593_A_site_map.csv,789,825,752.0,1,1,380,380
OK,O94163.pdb,A,fastas/O94163.fasta,"155,263",O94163_A_site_map.csv,282,327,240.5,2,2,"155,263","111,219"
OK,P22533.pdb,A,fastas/P22533.fasta,"162,257",P22533_A_site_map.csv,1087,1331,917.5,2,2,"162,257","162,257"
OK,P15737.pdb,A,fastas/P15737.fasta,"122,259",P15737_A_site_map.csv,306,334,282.5,2,2,"122,259","122,259"
OK,Q5ASG9.pdb,A,fastas/Q5ASG9.fasta,"245,268",Q5ASG9_A_site_map.csv,411,434,380.5,2,2,"245,268","245,268"
OK,P96105.pdb,A,fastas/P96105.fasta,"281,360,388",P96105_A_site_map.csv,673,674,663.0,3,3,"281,360,388","281,360,388"
OK,Q45070.pdb,A,fastas/Q45070.fasta,"171,260",Q45070_A_site_map.csv,389,422,363.0,2,2,"171,260","171,260"
OK,O74168.pdb,A,fastas/O74168.fasta,482,O74168_A_site_map.csv,818,937,720.5,1,1,482,482
OK,P36917.pdb,A,fastas/P36917.fasta,"495,537,600",P36917_A_site_map.csv,323,1157,-113.0,3,3,"495,537,600","144,186,249"
OK,Q10NX8.pdb,A,fastas/Q10NX8.fasta,"189,258",Q10NX8_A_site_map.csv,803,858,747.0,2,2,"189,258","189,258"
OK,Q5B153.pdb,A,fastas/Q5B153.fasta,"153,263",Q5B153_A_site_map.csv,334,350,316.5,2,2,"153,263","153,263"
OK,Q5B7R2.pdb,A,fastas/Q5B7R2.fasta,"216,221",Q5B7R2_A_site_map.csv,410,430,371.5,2,2,"216,221","216,221"
OK,P55332.pdb,A,fastas/P55332.fasta,"121,212",P55332_A_site_map.csv,188,225,160.0,2,2,"121,212","85,176"
OK,Q5AU92.pdb,A,fastas/Q5AU92.fasta,"511,573",Q5AU92_A_site_map.csv,715,750,678.5,2,2,"511,573","511,573"
OK,Q5BDU5.pdb,A,fastas/Q5BDU5.fasta,"150,257",Q5BDU5_A_site_map.csv,306,326,277.0,2,2,"150,257","150,257"
OK,P85045.pdb,A,fastas/P85045.fasta,"51,69",P85045_A_site_map.csv,130,146,112.5,2,2,"51,69","35,53"
OK,Q27650.pdb,A,fastas/Q27650.fasta,"18,109,111",Q27650_A_site_map.csv,198,211,182.0,3,3,"18,109,111","5,96,98"
OK,P48841.pdb,A,fastas/P48841.fasta,"161,270",P48841_A_site_map.csv,347,376,313.5,2,2,"161,270","161,270"
OK,Q05638.pdb,A,fastas/Q05638.fasta,384,Q05638_A_site_map.csv,334,597,193.0,1,1,384,121
OK,Q6L6S1.pdb,A,fastas/Q6L6S1.fasta,230,Q6L6S1_A_site_map.csv,463,517,405.5,1,1,230,230
OK,P62601.pdb,A,fastas/P62601.fasta,"326,509",P62601_A_site_map.csv,510,549,450.5,2,2,"326,509","326,509"
OK,P0C2S1.pdb,A,fastas/P0C2S1.fasta,"386,737,786,795",P0C2S1_A_site_map.csv,854,895,814.5,4,4,"386,737,786,795","386,737,786,795"
OK,Q2PGV8.pdb,A,fastas/Q2PGV8.fasta,"160,276",Q2PGV8_A_site_map.csv,307,361,251.5,2,2,"160,276","115,231"
OK,P53627.pdb,A,fastas/P53627.fasta,"175,294",P53627_A_site_map.csv,502,662,412.5,2,2,"175,294","175,294"
OK,Q8DR77.pdb,A,fastas/Q8DR77.fasta,"113,173",Q8DR77_A_site_map.csv,396,396,396.0,2,2,"113,173","113,173"
OK,Q47096.pdb,A,fastas/Q47096.fasta,"168,256",Q47096_A_site_map.csv,452,505,406.5,2,2,"168,256","168,256"
OK,Q5BFG8.pdb,A,fastas/Q5BFG8.fasta,230,Q5BFG8_A_site_map.csv,825,845,767.5,1,1,230,230
OK,Q8J0I9.pdb,A,fastas/Q8J0I9.fasta,"243,339",Q8J0I9_A_site_map.csv,460,490,426.0,2,2,"243,339","243,339"
OK,Q5ATQ3.pdb,A,fastas/Q5ATQ3.fasta,"215,237",Q5ATQ3_A_site_map.csv,344,380,316.5,2,2,"215,237","215,237"
OK,Q5B508.pdb,A,fastas/Q5B508.fasta,"203,225",Q5B508_A_site_map.csv,335,364,311.0,2,2,"203,225","203,225"
OK,Q5AX28.pdb,A,fastas/Q5AX28.fasta,"156,223",Q5AX28_A_site_map.csv,632,659,599.5,2,2,"156,223","156,223"
OK,Q9HFA4.pdb,A,fastas/Q9HFA4.fasta,"128,219",Q9HFA4_A_site_map.csv,188,232,156.5,2,2,"128,219","85,176"
OK,Q84PN8.pdb,A,fastas/Q84PN8.fasta,76,Q84PN8_A_site_map.csv,532,597,467.0,1,1,76,76
OK,Q5B833.pdb,A,fastas/Q5B833.fasta,"204,312",Q5B833_A_site_map.csv,359,387,320.0,2,2,"204,312","204,312"
OK,Q96VB6.pdb,A,fastas/Q96VB6.fasta,"153,259",Q96VB6_A_site_map.csv,280,323,239.5,2,2,"153,259","111,217"
OK,Q5BCC6.pdb,A,fastas/Q5BCC6.fasta,330,Q5BCC6_A_site_map.csv,582,618,535.5,1,1,330,330
OK,Q9HEZ1.pdb,A,fastas/Q9HEZ1.fasta,"222,327",Q9HEZ1_A_site_map.csv,317,408,252.5,2,2,"222,327","135,240"
OK,Q5BAS1.pdb,A,fastas/Q5BAS1.fasta,307,Q5BAS1_A_site_map.csv,764,803,725.5,1,1,307,307
OK,Q9P358.pdb,A,fastas/Q9P358.fasta,229,Q9P358_A_site_map.csv,338,370,312.5,1,1,229,229
OK,Q6PRW6.pdb,A,fastas/Q6PRW6.fasta,"161,267",Q6PRW6_A_site_map.csv,278,353,221.5,2,2,"161,267","112,218"
OK,Q6QDR4.pdb,A,fastas/Q6QDR4.fasta,153,Q6QDR4_A_site_map.csv,277,296,239.0,1,1,153,142
OK,Q9P4W3.pdb,A,fastas/Q9P4W3.fasta,"199,221",Q9P4W3_A_site_map.csv,337,362,305.5,2,2,"199,221","199,221"
OK,Q7LZQ1.pdb,A,fastas/Q7LZQ1.fasta,"36,54",Q7LZQ1_A_site_map.csv,130,131,120.0,2,2,"36,54","35,53"
OK,Q28949.pdb,A,fastas/Q28949.fasta,151,Q28949_A_site_map.csv,894,995,727.5,1,1,151,151
OK,V9TXH2.pdb,A,fastas/V9TXH2.fasta,"104,197",V9TXH2_A_site_map.csv,184,210,161.5,2,2,"104,197","81,174"
OK,Q76FP5.pdb,A,fastas/Q76FP5.fasta,"210,311",Q76FP5_A_site_map.csv,459,479,439.5,2,2,"210,311","210,311"
OK,X4Y2L4.pdb,A,fastas/X4Y2L4.fasta,"176,290",X4Y2L4_A_site_map.csv,488,489,478.0,2,2,"176,290","176,290"
OK,A0A023VXA2.pdb,A,fastas/A0A023VXA2.fasta,"158,270",A0A023VXA2_A_site_map.csv,312,349,274.5,2,2,"158,270","158,270"
OK,Q9P8J1.pdb,A,fastas/Q9P8J1.fasta,"159,265",Q9P8J1_A_site_map.csv,280,329,236.5,2,2,"159,265","112,218"
OK,Q9P4W4.pdb,A,fastas/Q9P4W4.fasta,"207,229",Q9P4W4_A_site_map.csv,337,370,301.5,2,2,"207,229","207,229"
OK,Q5NAT0.pdb,A,fastas/Q5NAT0.fasta,"93,428,480,489",Q5NAT0_A_site_map.csv,570,640,487.5,4,4,"93,428,480,489","93,428,480,489"
OK,A5DHM6.pdb,A,fastas/A5DHM6.fasta,"34,214",A5DHM6_A_site_map.csv,491,514,451.0,2,2,"34,214","34,214"
OK,Q8X168.pdb,A,fastas/Q8X168.fasta,"152,262",Q8X168_A_site_map.csv,334,350,316.5,2,2,"152,262","152,262"
OK,Q8KR69.pdb,A,fastas/Q8KR69.fasta,"334,369",Q8KR69_A_site_map.csv,655,657,644.5,2,2,"334,369","334,369"
OK,B6DZC8.pdb,A,fastas/B6DZC8.fasta,75,B6DZC8_A_site_map.csv,536,596,487.0,1,1,75,75
OK,D0KQM8.pdb,A,fastas/D0KQM8.fasta,"320,323,416",D0KQM8_A_site_map.csv,692,700,669.0,3,3,"320,323,416","320,323,416"
OK,Q9A0T3.pdb,A,fastas/Q9A0T3.fasta,"116,176",Q9A0T3_A_site_map.csv,397,399,386.5,2,2,"116,176","116,176"
OK,O69230.pdb,A,fastas/O69230.fasta,"502,556,620",O69230_A_site_map.csv,346,1086,-43.0,3,3,"502,556,620","138,192,256"
OK,C0SPA0.pdb,A,fastas/C0SPA0.fasta,"406,435",C0SPA0_A_site_map.csv,710,718,687.0,2,2,"406,435","406,435"
OK,F6C6C1.pdb,A,fastas/F6C6C1.fasta,232,F6C6C1_A_site_map.csv,732,757,681.5,1,1,232,232
OK,O14412.pdb,A,fastas/O14412.fasta,"134,138",O14412_A_site_map.csv,206,245,167.5,2,2,"134,138","105,109"
OK,Q96W72.pdb,A,fastas/Q96W72.fasta,"101,194",Q96W72_A_site_map.csv,185,208,148.5,2,2,"101,194","85,178"
OK,O74199.pdb,A,fastas/O74199.fasta,346,O74199_A_site_map.csv,263,522,89.5,1,1,346,112
OK,Q9HFS9.pdb,A,fastas/Q9HFS9.fasta,"34,200",Q9HFS9_A_site_map.csv,303,321,284.5,2,2,"34,200","34,200"
OK,W0HJ53.pdb,A,fastas/W0HJ53.fasta,"112,203",W0HJ53_A_site_map.csv,189,216,166.0,2,2,"112,203","85,176"
OK,P29019.pdb,A,fastas/P29019.fasta,"130,191",P29019_A_site_map.csv,384,463,316.0,2,2,"130,191","130,191"
OK,O54315.pdb,A,fastas/O54315.fasta,"141,312",O54315_A_site_map.csv,645,645,645.0,2,2,"141,312","141,312"
OK,Q82PP4.pdb,A,fastas/Q82PP4.fasta,"636,895",Q82PP4_A_site_map.csv,1028,1030,1017.5,2,2,"636,895","636,895"
OK,Q9R9H8.pdb,A,fastas/Q9R9H8.fasta,"327,356",Q9R9H8_A_site_map.csv,587,588,577.0,2,2,"327,356","327,356"
OK,B5A7N4.pdb,A,fastas/B5A7N4.fasta,"117,208",B5A7N4_A_site_map.csv,190,221,165.0,2,2,"117,208","86,177"
OK,P48982.pdb,A,fastas/P48982.fasta,"184,260",P48982_A_site_map.csv,553,598,500.0,2,2,"184,260","184,260"
OK,O32611.pdb,A,fastas/O32611.fasta,"410,458",O32611_A_site_map.csv,743,777,707.0,2,2,"410,458","410,458"
OK,Q04937.pdb,A,fastas/Q04937.fasta,47,Q04937_A_site_map.csv,472,473,462.0,1,1,47,47
OK,P48980.pdb,A,fastas/P48980.fasta,"180,249",P48980_A_site_map.csv,807,835,755.0,2,2,"180,249","180,249"
OK,A2QEQ6.pdb,A,fastas/A2QEQ6.fasta,"208,324",A2QEQ6_A_site_map.csv,493,541,440.5,2,2,"208,324","208,324"
OK,L7P9J4.pdb,A,fastas/L7P9J4.fasta,163,L7P9J4_A_site_map.csv,350,377,317.5,1,1,163,163
OK,Q0ZHI9.pdb,A,fastas/Q0ZHI9.fasta,"127,218",Q0ZHI9_A_site_map.csv,187,250,136.5,2,2,"127,218","85,176"
OK,O00906.pdb,A,fastas/O00906.fasta,"455,458,585",O00906_A_site_map.csv,834,923,732.5,3,3,"455,458,585","455,458,585"
OK,O74706.pdb,A,fastas/O74706.fasta,"160,266",O74706_A_site_map.csv,303,331,279.5,2,2,"160,266","160,266"
OK,Q2TX26.pdb,A,fastas/Q2TX26.fasta,"214,219",Q2TX26_A_site_map.csv,395,416,365.5,2,2,"214,219","214,219"
OK,D2PPM7.pdb,A,fastas/D2PPM7.fasta,"451,454,516",D2PPM7_A_site_map.csv,708,723,691.0,3,3,"451,454,516","451,454,516"
OK,P23556.pdb,A,fastas/P23556.fasta,"144,252",P23556_A_site_map.csv,329,342,313.0,2,2,"144,252","134,242"
OK,P51584.pdb,A,fastas/P51584.fasta,"337,460",P51584_A_site_map.csv,347,1077,-37.0,2,2,"337,460","149,272"
OK,Q6QJ75.pdb,A,fastas/Q6QJ75.fasta,"106,197",Q6QJ75_A_site_map.csv,184,211,147.5,2,2,"106,197","88,179"
OK,Q60037.pdb,A,fastas/Q60037.fasta,"502,608",Q60037_A_site_map.csv,329,1059,-55.0,2,2,"502,608","139,245"
OK,P34742.pdb,A,fastas/P34742.fasta,"96,234",P34742_A_site_map.csv,310,310,310.0,2,2,"96,234","96,234"
OK,P40942.pdb,A,fastas/P40942.fasta,"185,293",P40942_A_site_map.csv,339,387,296.0,2,2,"185,293","145,253"
OK,P48823.pdb,A,fastas/P48823.fasta,305,P48823_A_site_map.csv,568,598,511.0,1,1,305,305
OK,P85512.pdb,A,fastas/P85512.fasta,21,P85512_A_site_map.csv,30,32,19.5,1,1,21,21
OK,P09961.pdb,A,fastas/P09961.fasta,"125,216",P09961_A_site_map.csv,673,686,647.5,2,2,"125,216","125,216"
OK,Q59140.pdb,A,fastas/Q59140.fasta,"434,513",Q59140_A_site_map.csv,1014,1015,1004.0,2,2,"434,513","434,513"
OK,Q92451.pdb,A,fastas/Q92451.fasta,"347,412",Q92451_A_site_map.csv,602,624,572.0,2,2,"347,412","347,412"
OK,P26257.pdb,A,fastas/P26257.fasta,"389,462",P26257_A_site_map.csv,716,716,716.0,2,2,"389,462","389,462"
OK,P48842.pdb,A,fastas/P48842.fasta,"152,262",P48842_A_site_map.csv,335,350,318.0,2,2,"152,262","152,262"
OK,P0DTR5.pdb,A,fastas/P0DTR5.fasta,"463,532",P0DTR5_A_site_map.csv,1011,1078,911.0,2,2,"463,532","463,532"
OK,P93594.pdb,A,fastas/P93594.fasta,"184,378",P93594_A_site_map.csv,488,503,461.5,2,2,"184,378","184,378"
OK,W0HFK8.pdb,A,fastas/W0HFK8.fasta,"161,267",W0HFK8_A_site_map.csv,281,331,237.0,2,2,"161,267","112,218"
OK,Q9K3E4.pdb,A,fastas/Q9K3E4.fasta,219,Q9K3E4_A_site_map.csv,327,430,266.0,1,1,219,116
OK,Q9AV88.pdb,A,fastas/Q9AV88.fasta,"247,446",Q9AV88_A_site_map.csv,457,535,380.0,2,2,"247,446","247,446"
OK,Q84LA1.pdb,A,fastas/Q84LA1.fasta,75,Q84LA1_A_site_map.csv,535,596,472.0,1,1,75,75
OK,Q96TR7.pdb,A,fastas/Q96TR7.fasta,"114,208",Q96TR7_A_site_map.csv,187,221,160.5,2,2,"114,208","86,180"
OK,Q12549.pdb,A,fastas/Q12549.fasta,"106,197",Q12549_A_site_map.csv,187,211,146.5,2,2,"106,197","88,179"
OK,Q08341.pdb,A,fastas/Q08341.fasta,"327,356",Q08341_A_site_map.csv,581,591,538.0,2,2,"327,356","327,356"
OK,Q60042.pdb,A,fastas/Q60042.fasta,"498,604",Q60042_A_site_map.csv,329,1055,-53.0,2,2,"498,604","139,245"
OK,Q92457.pdb,A,fastas/Q92457.fasta,"504,566",Q92457_A_site_map.csv,718,746,685.0,2,2,"504,566","504,566"
OK,Q5FJ41.pdb,A,fastas/Q5FJ41.fasta,"148,307",Q5FJ41_A_site_map.csv,666,667,656.0,2,2,"148,307","148,307"
OK,Q70XE6.pdb,A,fastas/Q70XE6.fasta,70,Q70XE6_A_site_map.csv,538,606,475.5,1,1,70,70
OK,Q4WBR2.pdb,A,fastas/Q4WBR2.fasta,"241,337",Q4WBR2_A_site_map.csv,465,488,444.0,2,2,"241,337","241,337"
OK,Q10RZ1.pdb,A,fastas/Q10RZ1.fasta,"267,465",Q10RZ1_A_site_map.csv,451,557,356.0,2,2,"267,465","267,465"
OK,Q90VZ3.pdb,A,fastas/Q90VZ3.fasta,"71,84",Q90VZ3_A_site_map.csv,193,195,173.0,2,2,"71,84","71,84"
OK,Q5B7W2.pdb,A,fastas/Q5B7W2.fasta,432,Q5B7W2_A_site_map.csv,838,843,816.5,1,1,432,432
OK,P06564.pdb,A,fastas/P06564.fasta,"190,305",P06564_A_site_map.csv,718,800,639.0,2,2,"190,305","190,305"
OK,Q07940.pdb,A,fastas/Q07940.fasta,"135,222",Q07940_A_site_map.csv,303,312,289.0,2,2,"135,222","135,222"
OK,Q7WUL3.pdb,A,fastas/Q7WUL3.fasta,283,Q7WUL3_A_site_map.csv,554,564,520.5,1,1,283,283
OK,Q9AI62.pdb,A,fastas/Q9AI62.fasta,"201,243",Q9AI62_A_site_map.csv,519,551,465.0,2,2,"201,243","201,243"
OK,Q76HP6.pdb,A,fastas/Q76HP6.fasta,41,Q76HP6_A_site_map.csv,519,537,500.5,1,1,41,41
OK,Q82NR8.pdb,A,fastas/Q82NR8.fasta,"476,545",Q82NR8_A_site_map.csv,866,904,837.5,2,2,"476,545","476,545"
